<XMLWrapper>
   <list class="java.util.ArrayList">
      <object class="ru.sfedu.Sync.models.Admin">
         <id>2960982</id>
         <name>zrttljzsewxy</name>
      </object>
      <object class="ru.sfedu.Sync.models.Admin">
         <id>4989839</id>
         <name>spxjlusqtv</name>
      </object>
      <object class="ru.sfedu.Sync.models.Admin">
         <id>5476509</id>
         <name>wmokcbqqmojz</name>
      </object>
      <object class="ru.sfedu.Sync.models.Admin">
         <id>3774979</id>
         <name>xhhcyu</name>
      </object>
      <object class="ru.sfedu.Sync.models.Admin">
         <id>5128620</id>
         <name>wdxfrlrlfjs</name>
      </object>
      <object class="ru.sfedu.Sync.models.Admin">
         <id>7273842</id>
         <name>bszmkilac</name>
      </object>
      <object class="ru.sfedu.Sync.models.Admin">
         <id>8972618</id>
         <name>imvnfrr</name>
      </object>
      <object class="ru.sfedu.Sync.models.Admin">
         <id>1314816</id>
         <name>gjxtozd</name>
      </object>
      <object class="ru.sfedu.Sync.models.Admin">
         <id>2184336</id>
         <name>wdept</name>
      </object>
      <object class="ru.sfedu.Sync.models.Admin">
         <id>4822655</id>
         <name>ckdkvmbec</name>
      </object>
   </list>
</XMLWrapper>