<?xml version="1.0" encoding="UTF-8" standalone="yes"?>
<xmlWrapper>
    <list xmlns:xsi="http://www.w3.org/2001/XMLSchema-instance" xsi:type="admin">
        <id>2680327</id>
        <name>qeinxtjeojej</name>
    </list>
    <list xmlns:xsi="http://www.w3.org/2001/XMLSchema-instance" xsi:type="admin">
        <id>1087432</id>
        <name>wpnuvtwgzqax</name>
    </list>
    <list xmlns:xsi="http://www.w3.org/2001/XMLSchema-instance" xsi:type="admin">
        <id>8750614</id>
        <name>pdtcccwhkbsv</name>
    </list>
    <list xmlns:xsi="http://www.w3.org/2001/XMLSchema-instance" xsi:type="admin">
        <id>547733</id>
        <name>mnsjlw</name>
    </list>
    <list xmlns:xsi="http://www.w3.org/2001/XMLSchema-instance" xsi:type="admin">
        <id>9394210</id>
        <name>jccbmudgalww</name>
    </list>
    <list xmlns:xsi="http://www.w3.org/2001/XMLSchema-instance" xsi:type="admin">
        <id>7998186</id>
        <name>qpzjlvpdop</name>
    </list>
    <list xmlns:xsi="http://www.w3.org/2001/XMLSchema-instance" xsi:type="admin">
        <id>2824205</id>
        <name>wlycahxv</name>
    </list>
    <list xmlns:xsi="http://www.w3.org/2001/XMLSchema-instance" xsi:type="admin">
        <id>7141826</id>
        <name>zkgfcafclpmk</name>
    </list>
    <list xmlns:xsi="http://www.w3.org/2001/XMLSchema-instance" xsi:type="admin">
        <id>1992522</id>
        <name>oumkrndkp</name>
    </list>
    <list xmlns:xsi="http://www.w3.org/2001/XMLSchema-instance" xsi:type="admin">
        <id>3728075</id>
        <name>mqhedihxzxl</name>
    </list>
</xmlWrapper>
