<?xml version="1.0" encoding="UTF-8" standalone="yes"?>
<xmlWrapper>
    <list xmlns:xsi="http://www.w3.org/2001/XMLSchema-instance" xsi:type="channel">
        <id>5676538</id>
        <language>scoicgaigmzxj</language>
        <name>ycquklqpla</name>
        <speakers>
            <id>1447435</id>
            <name>uymchwha</name>
        </speakers>
        <speakers>
            <id>8799274</id>
            <name>mscltmi</name>
        </speakers>
        <status>true</status>
    </list>
    <list xmlns:xsi="http://www.w3.org/2001/XMLSchema-instance" xsi:type="channel">
        <id>9340472</id>
        <language>ofhqencjlbd</language>
        <name>nyanxezzeyt</name>
        <speakers>
            <id>9965017</id>
            <name>ufsyazmwxhpdh</name>
        </speakers>
        <speakers>
            <id>5355062</id>
            <name>wroxcjejfargx</name>
        </speakers>
        <status>false</status>
    </list>
    <list xmlns:xsi="http://www.w3.org/2001/XMLSchema-instance" xsi:type="channel">
        <id>5987328</id>
        <language>rmhqcblrcuk</language>
        <name>bvkjrxrucv</name>
        <speakers>
            <id>9142925</id>
            <name>jowhze</name>
        </speakers>
        <speakers>
            <id>2007431</id>
            <name>vedphsrsqvbx</name>
        </speakers>
        <status>true</status>
    </list>
    <list xmlns:xsi="http://www.w3.org/2001/XMLSchema-instance" xsi:type="channel">
        <id>8557765</id>
        <language>eadhziaxkaxqj</language>
        <name>ycpvngpoltl</name>
        <speakers>
            <id>3618293</id>
            <name>tbvhvlpbw</name>
        </speakers>
        <speakers>
            <id>1954855</id>
            <name>nsgbdceah</name>
        </speakers>
        <status>true</status>
    </list>
    <list xmlns:xsi="http://www.w3.org/2001/XMLSchema-instance" xsi:type="channel">
        <id>8022212</id>
        <language>ffmwmjr</language>
        <name>cuoyg</name>
        <speakers>
            <id>7851632</id>
            <name>staozjtb</name>
        </speakers>
        <speakers>
            <id>4043744</id>
            <name>dcqiun</name>
        </speakers>
        <status>true</status>
    </list>
    <list xmlns:xsi="http://www.w3.org/2001/XMLSchema-instance" xsi:type="channel">
        <id>3862024</id>
        <language>sezfttzatiz</language>
        <name>eipmnkfhuhs</name>
        <speakers>
            <id>2171696</id>
            <name>jeczvqm</name>
        </speakers>
        <speakers>
            <id>703554</id>
            <name>grewpkojkon</name>
        </speakers>
        <status>false</status>
    </list>
    <list xmlns:xsi="http://www.w3.org/2001/XMLSchema-instance" xsi:type="channel">
        <id>8066179</id>
        <language>wghnxnrhdryc</language>
        <name>jabfbwxkjoui</name>
        <speakers>
            <id>9175986</id>
            <name>txshwocgmyseh</name>
        </speakers>
        <speakers>
            <id>5905328</id>
            <name>dxgowxwhn</name>
        </speakers>
        <status>false</status>
    </list>
    <list xmlns:xsi="http://www.w3.org/2001/XMLSchema-instance" xsi:type="channel">
        <id>8697866</id>
        <language>qohyz</language>
        <name>mwzvgcablmeid</name>
        <speakers>
            <id>7601253</id>
            <name>yqwrsal</name>
        </speakers>
        <speakers>
            <id>7171904</id>
            <name>begajf</name>
        </speakers>
        <status>true</status>
    </list>
    <list xmlns:xsi="http://www.w3.org/2001/XMLSchema-instance" xsi:type="channel">
        <id>7260936</id>
        <language>kolyws</language>
        <name>xxdmiej</name>
        <speakers>
            <id>1833651</id>
            <name>yppdc</name>
        </speakers>
        <speakers>
            <id>9274685</id>
            <name>yiihr</name>
        </speakers>
        <status>false</status>
    </list>
    <list xmlns:xsi="http://www.w3.org/2001/XMLSchema-instance" xsi:type="channel">
        <id>3027667</id>
        <language>tcjlnctqnjtv</language>
        <name>rclskxnvj</name>
        <speakers>
            <id>5244324</id>
            <name>uqjqhv</name>
        </speakers>
        <speakers>
            <id>3768606</id>
            <name>hxwvkgvlp</name>
        </speakers>
        <status>true</status>
    </list>
</xmlWrapper>
