<XMLWrapper>
   <list class="java.util.ArrayList">
      <object class="ru.sfedu.Sync.models.Channel">
         <id>1749052</id>
         <name>uwamgovhf</name>
         <language>jqlbeqzzxtvtm</language>
         <status>false</status>
         <speakers class="java.util.ArrayList">
            <speaker>
               <id>82506</id>
               <name>szjucmqyhi</name>
            </speaker>
            <speaker>
               <id>1841621</id>
               <name>lluuiimgefceu</name>
            </speaker>
         </speakers>
      </object>
      <object class="ru.sfedu.Sync.models.Channel">
         <id>2370408</id>
         <name>cwxsbzewn</name>
         <language>lflzu</language>
         <status>true</status>
         <speakers class="java.util.ArrayList">
            <speaker>
               <id>1591409</id>
               <name>rgbatp</name>
            </speaker>
            <speaker>
               <id>626923</id>
               <name>qhmdpizbmy</name>
            </speaker>
         </speakers>
      </object>
      <object class="ru.sfedu.Sync.models.Channel">
         <id>9169864</id>
         <name>ffgcjkuwtq</name>
         <language>xatdsqg</language>
         <status>true</status>
         <speakers class="java.util.ArrayList">
            <speaker>
               <id>1053626</id>
               <name>waxoippmv</name>
            </speaker>
            <speaker>
               <id>4474658</id>
               <name>eyiaofr</name>
            </speaker>
         </speakers>
      </object>
      <object class="ru.sfedu.Sync.models.Channel">
         <id>657409</id>
         <name>jdoar</name>
         <language>abddijlagz</language>
         <status>false</status>
         <speakers class="java.util.ArrayList">
            <speaker>
               <id>6999043</id>
               <name>dkytysrpiih</name>
            </speaker>
            <speaker>
               <id>4514725</id>
               <name>knelzti</name>
            </speaker>
         </speakers>
      </object>
      <object class="ru.sfedu.Sync.models.Channel">
         <id>8341141</id>
         <name>rugcneoc</name>
         <language>cmndtcihiixg</language>
         <status>true</status>
         <speakers class="java.util.ArrayList">
            <speaker>
               <id>7558307</id>
               <name>ududxtnmmuuur</name>
            </speaker>
            <speaker>
               <id>3052944</id>
               <name>nuhpfzgpmx</name>
            </speaker>
         </speakers>
      </object>
      <object class="ru.sfedu.Sync.models.Channel">
         <id>4678123</id>
         <name>gjqiyt</name>
         <language>wbqyvmz</language>
         <status>false</status>
         <speakers class="java.util.ArrayList">
            <speaker>
               <id>5155746</id>
               <name>ycguycson</name>
            </speaker>
            <speaker>
               <id>2656323</id>
               <name>brzynmgicx</name>
            </speaker>
         </speakers>
      </object>
      <object class="ru.sfedu.Sync.models.Channel">
         <id>1657868</id>
         <name>acxevevm</name>
         <language>ckrqefyzbqyht</language>
         <status>false</status>
         <speakers class="java.util.ArrayList">
            <speaker>
               <id>5067987</id>
               <name>jbsxx</name>
            </speaker>
            <speaker>
               <id>2150653</id>
               <name>vongsioa</name>
            </speaker>
         </speakers>
      </object>
      <object class="ru.sfedu.Sync.models.Channel">
         <id>1438123</id>
         <name>bmphrguqmppj</name>
         <language>uweamjwdrip</language>
         <status>true</status>
         <speakers class="java.util.ArrayList">
            <speaker>
               <id>7677324</id>
               <name>enjbhbdnazgqa</name>
            </speaker>
            <speaker>
               <id>5325521</id>
               <name>ulklhiekrlng</name>
            </speaker>
         </speakers>
      </object>
      <object class="ru.sfedu.Sync.models.Channel">
         <id>6176271</id>
         <name>wdjxn</name>
         <language>lwjycz</language>
         <status>false</status>
         <speakers class="java.util.ArrayList">
            <speaker>
               <id>4287962</id>
               <name>kvjyvcvui</name>
            </speaker>
            <speaker>
               <id>9196515</id>
               <name>fvzzbba</name>
            </speaker>
         </speakers>
      </object>
      <object class="ru.sfedu.Sync.models.Channel">
         <id>8961131</id>
         <name>ayagasojxqsfp</name>
         <language>ofzofveztpdmh</language>
         <status>false</status>
         <speakers class="java.util.ArrayList">
            <speaker>
               <id>2419687</id>
               <name>ipucer</name>
            </speaker>
            <speaker>
               <id>8004570</id>
               <name>tipovgzj</name>
            </speaker>
         </speakers>
      </object>
   </list>
</XMLWrapper>