<?xml version="1.0" encoding="UTF-8" standalone="yes"?>
<xmlWrapper>
    <list xmlns:xsi="http://www.w3.org/2001/XMLSchema-instance" xsi:type="event">
        <id>9159772</id>
        <manager>
            <id>6451760</id>
            <name>kzmcwywhyyq</name>
        </manager>
        <name>zyyukqucl</name>
        <zoneList>
            <id>9656752</id>
            <channelList>
                <id>6002088</id>
                <language>pymsm</language>
                <name>hzlznv</name>
                <speakers>
                    <id>6322770</id>
                    <name>tnzulznikatz</name>
                </speakers>
                <speakers>
                    <id>1609652</id>
                    <name>moyyljs</name>
                </speakers>
                <speakers>
                    <id>7874653</id>
                    <name>jmcugjtqsjmrt</name>
                </speakers>
                <speakers>
                    <id>5004546</id>
                    <name>tsarlwucgmlun</name>
                </speakers>
                <speakers>
                    <id>9828329</id>
                    <name>nkqxvdej</name>
                </speakers>
                <status>false</status>
            </channelList>
            <channelList>
                <id>4417359</id>
                <language>hrfqahxh</language>
                <name>pegbtpjfjjeh</name>
                <speakers>
                    <id>8684792</id>
                    <name>vcovowbe</name>
                </speakers>
                <speakers>
                    <id>3797766</id>
                    <name>puhxpzna</name>
                </speakers>
                <speakers>
                    <id>7022215</id>
                    <name>cddhasukoom</name>
                </speakers>
                <speakers>
                    <id>3700289</id>
                    <name>mjgdnwgjmx</name>
                </speakers>
                <speakers>
                    <id>9234866</id>
                    <name>fruknvpsgyo</name>
                </speakers>
                <status>true</status>
            </channelList>
            <channelList>
                <id>8961571</id>
                <language>crevjgvdoq</language>
                <name>lsdzowsnezxf</name>
                <speakers>
                    <id>4828785</id>
                    <name>hijlvhotamsx</name>
                </speakers>
                <speakers>
                    <id>4853347</id>
                    <name>ryymwd</name>
                </speakers>
                <speakers>
                    <id>7691961</id>
                    <name>wgwzgbwcftcn</name>
                </speakers>
                <speakers>
                    <id>7892872</id>
                    <name>xumawwbwzi</name>
                </speakers>
                <speakers>
                    <id>5307520</id>
                    <name>xkgcdnkmven</name>
                </speakers>
                <status>true</status>
            </channelList>
            <channelList>
                <id>4817925</id>
                <language>kdvgcgds</language>
                <name>dihtneaneftoa</name>
                <speakers>
                    <id>3575508</id>
                    <name>qovmmasf</name>
                </speakers>
                <speakers>
                    <id>3039729</id>
                    <name>ygyaifqslkh</name>
                </speakers>
                <speakers>
                    <id>3640633</id>
                    <name>zghxtrpkmnbqq</name>
                </speakers>
                <speakers>
                    <id>1639919</id>
                    <name>vyyatwuvfch</name>
                </speakers>
                <speakers>
                    <id>9818018</id>
                    <name>tipkzmezwmtzm</name>
                </speakers>
                <status>true</status>
            </channelList>
            <channelList>
                <id>5390383</id>
                <language>ylbxrz</language>
                <name>pmmnyaxoq</name>
                <speakers>
                    <id>4296043</id>
                    <name>xmjagijsnua</name>
                </speakers>
                <speakers>
                    <id>8956425</id>
                    <name>zbfhpivbjcjkm</name>
                </speakers>
                <speakers>
                    <id>8773097</id>
                    <name>xdnkule</name>
                </speakers>
                <speakers>
                    <id>2278336</id>
                    <name>lyshixkjud</name>
                </speakers>
                <speakers>
                    <id>6901058</id>
                    <name>ksjfeehqpmx</name>
                </speakers>
                <status>false</status>
            </channelList>
            <dateEnd>5302323</dateEnd>
            <dateStart>3517520</dateStart>
            <name>gngqc</name>
            <status>false</status>
        </zoneList>
        <zoneList>
            <id>3274227</id>
            <channelList>
                <id>2017134</id>
                <language>renddvdy</language>
                <name>gavukuzzgcezy</name>
                <speakers>
                    <id>575196</id>
                    <name>xmftlfukpmk</name>
                </speakers>
                <speakers>
                    <id>5322713</id>
                    <name>hdcalfbx</name>
                </speakers>
                <speakers>
                    <id>4758234</id>
                    <name>izycogzgb</name>
                </speakers>
                <speakers>
                    <id>9548760</id>
                    <name>iasgafldwgvgr</name>
                </speakers>
                <speakers>
                    <id>1418194</id>
                    <name>ejzprky</name>
                </speakers>
                <status>false</status>
            </channelList>
            <channelList>
                <id>4267880</id>
                <language>mlgatrat</language>
                <name>cgytndaocott</name>
                <speakers>
                    <id>8483415</id>
                    <name>ridboqezumxi</name>
                </speakers>
                <speakers>
                    <id>1506535</id>
                    <name>lrqzpcslkmim</name>
                </speakers>
                <speakers>
                    <id>1210686</id>
                    <name>skdzqfcifxyve</name>
                </speakers>
                <speakers>
                    <id>5127597</id>
                    <name>nuhdtlcadofg</name>
                </speakers>
                <speakers>
                    <id>822445</id>
                    <name>smaqturv</name>
                </speakers>
                <status>true</status>
            </channelList>
            <channelList>
                <id>8364160</id>
                <language>xwfxlpi</language>
                <name>vbarahawklo</name>
                <speakers>
                    <id>675874</id>
                    <name>aoauhxs</name>
                </speakers>
                <speakers>
                    <id>5361550</id>
                    <name>diotmo</name>
                </speakers>
                <speakers>
                    <id>6201183</id>
                    <name>celiwmzbytaq</name>
                </speakers>
                <speakers>
                    <id>4552034</id>
                    <name>bwhzfy</name>
                </speakers>
                <speakers>
                    <id>3973418</id>
                    <name>tyqsh</name>
                </speakers>
                <status>true</status>
            </channelList>
            <channelList>
                <id>9391327</id>
                <language>ahffnytjbt</language>
                <name>bpovbvndlbsel</name>
                <speakers>
                    <id>4949429</id>
                    <name>xunrccnzasv</name>
                </speakers>
                <speakers>
                    <id>8211508</id>
                    <name>gysmexplvimg</name>
                </speakers>
                <speakers>
                    <id>1654526</id>
                    <name>cntzgvhaamxod</name>
                </speakers>
                <speakers>
                    <id>2331028</id>
                    <name>ujtudzq</name>
                </speakers>
                <speakers>
                    <id>6944613</id>
                    <name>hhkyjhfnzbsg</name>
                </speakers>
                <status>false</status>
            </channelList>
            <channelList>
                <id>3691005</id>
                <language>xtemomjc</language>
                <name>acaqhewlrmc</name>
                <speakers>
                    <id>4412396</id>
                    <name>saqahvbwb</name>
                </speakers>
                <speakers>
                    <id>3110321</id>
                    <name>muljjhlbycqz</name>
                </speakers>
                <speakers>
                    <id>7171589</id>
                    <name>iiqvalbu</name>
                </speakers>
                <speakers>
                    <id>884416</id>
                    <name>pmjlerccovru</name>
                </speakers>
                <speakers>
                    <id>756287</id>
                    <name>qsvihldttbb</name>
                </speakers>
                <status>false</status>
            </channelList>
            <dateEnd>5967304</dateEnd>
            <dateStart>8886194</dateStart>
            <name>ahpvvuw</name>
            <status>false</status>
        </zoneList>
    </list>
    <list xmlns:xsi="http://www.w3.org/2001/XMLSchema-instance" xsi:type="event">
        <id>9422956</id>
        <manager>
            <id>5785428</id>
            <name>lline</name>
        </manager>
        <name>sanmry</name>
        <zoneList>
            <id>6689739</id>
            <channelList>
                <id>1722910</id>
                <language>ykagjxzcwuv</language>
                <name>ddwig</name>
                <speakers>
                    <id>2798824</id>
                    <name>yufvvkevmeegb</name>
                </speakers>
                <speakers>
                    <id>1778299</id>
                    <name>jvinim</name>
                </speakers>
                <speakers>
                    <id>8722937</id>
                    <name>lqlhgqwyxse</name>
                </speakers>
                <speakers>
                    <id>247799</id>
                    <name>edrzmyaycb</name>
                </speakers>
                <speakers>
                    <id>2469297</id>
                    <name>bnydefvcx</name>
                </speakers>
                <status>true</status>
            </channelList>
            <channelList>
                <id>336066</id>
                <language>kgdodhgwtl</language>
                <name>ajqrnsbtwo</name>
                <speakers>
                    <id>8573599</id>
                    <name>kqmmuqu</name>
                </speakers>
                <speakers>
                    <id>466864</id>
                    <name>oaiql</name>
                </speakers>
                <speakers>
                    <id>4970175</id>
                    <name>bcfnvyvo</name>
                </speakers>
                <speakers>
                    <id>499670</id>
                    <name>joule</name>
                </speakers>
                <speakers>
                    <id>3463127</id>
                    <name>vjfhpdkrq</name>
                </speakers>
                <status>false</status>
            </channelList>
            <channelList>
                <id>1549430</id>
                <language>uwcqv</language>
                <name>yyxdami</name>
                <speakers>
                    <id>6681241</id>
                    <name>avghlenmuizj</name>
                </speakers>
                <speakers>
                    <id>865673</id>
                    <name>jpelhf</name>
                </speakers>
                <speakers>
                    <id>448184</id>
                    <name>veajxq</name>
                </speakers>
                <speakers>
                    <id>6654112</id>
                    <name>kuqeuyogps</name>
                </speakers>
                <speakers>
                    <id>8105794</id>
                    <name>gxnhlkou</name>
                </speakers>
                <status>true</status>
            </channelList>
            <channelList>
                <id>6030964</id>
                <language>zaegkuohqfuvs</language>
                <name>jdzhfwgj</name>
                <speakers>
                    <id>2697383</id>
                    <name>ddesglccqo</name>
                </speakers>
                <speakers>
                    <id>8054168</id>
                    <name>zmjcnxfmcqqr</name>
                </speakers>
                <speakers>
                    <id>5363376</id>
                    <name>vudelwmcmc</name>
                </speakers>
                <speakers>
                    <id>4047955</id>
                    <name>ttjrhdw</name>
                </speakers>
                <speakers>
                    <id>566080</id>
                    <name>qsyjoyxc</name>
                </speakers>
                <status>true</status>
            </channelList>
            <channelList>
                <id>4675739</id>
                <language>epwxwcbpcwww</language>
                <name>yodkfpieyio</name>
                <speakers>
                    <id>4338485</id>
                    <name>ijfikodj</name>
                </speakers>
                <speakers>
                    <id>1370053</id>
                    <name>omtravgwzjhs</name>
                </speakers>
                <speakers>
                    <id>7373549</id>
                    <name>gefaiqxwju</name>
                </speakers>
                <speakers>
                    <id>8769589</id>
                    <name>lsekpguprb</name>
                </speakers>
                <speakers>
                    <id>8059967</id>
                    <name>ykvbdv</name>
                </speakers>
                <status>true</status>
            </channelList>
            <dateEnd>3474850</dateEnd>
            <dateStart>5439664</dateStart>
            <name>bczzotynssy</name>
            <status>true</status>
        </zoneList>
        <zoneList>
            <id>6739560</id>
            <channelList>
                <id>7753855</id>
                <language>zmugmlmaoqe</language>
                <name>sbzckrcjmzzm</name>
                <speakers>
                    <id>6785441</id>
                    <name>gwxdbkwbs</name>
                </speakers>
                <speakers>
                    <id>1857020</id>
                    <name>uvncgpdyia</name>
                </speakers>
                <speakers>
                    <id>7292776</id>
                    <name>hmbrho</name>
                </speakers>
                <speakers>
                    <id>6378325</id>
                    <name>lrapztwpvrn</name>
                </speakers>
                <speakers>
                    <id>1157940</id>
                    <name>epukcgw</name>
                </speakers>
                <status>false</status>
            </channelList>
            <channelList>
                <id>3761606</id>
                <language>bzkqqqnjwo</language>
                <name>nsxehszgz</name>
                <speakers>
                    <id>852430</id>
                    <name>fzixlkkloxd</name>
                </speakers>
                <speakers>
                    <id>9856082</id>
                    <name>swgupgjgqgghw</name>
                </speakers>
                <speakers>
                    <id>1218112</id>
                    <name>mafsa</name>
                </speakers>
                <speakers>
                    <id>4209317</id>
                    <name>ohgglzv</name>
                </speakers>
                <speakers>
                    <id>6450087</id>
                    <name>hlkoddzxio</name>
                </speakers>
                <status>false</status>
            </channelList>
            <channelList>
                <id>3716111</id>
                <language>novfrnoc</language>
                <name>rphbuvzy</name>
                <speakers>
                    <id>7795251</id>
                    <name>kpdvdomsv</name>
                </speakers>
                <speakers>
                    <id>613953</id>
                    <name>oomdzx</name>
                </speakers>
                <speakers>
                    <id>1027320</id>
                    <name>ccuyfbobvdww</name>
                </speakers>
                <speakers>
                    <id>8434413</id>
                    <name>cssjvmi</name>
                </speakers>
                <speakers>
                    <id>6765821</id>
                    <name>jtqhofacuklm</name>
                </speakers>
                <status>false</status>
            </channelList>
            <channelList>
                <id>1039947</id>
                <language>zgbqynlqgmt</language>
                <name>nifwazssrov</name>
                <speakers>
                    <id>1851206</id>
                    <name>ilhvqvnpvvy</name>
                </speakers>
                <speakers>
                    <id>2842171</id>
                    <name>mhhzpg</name>
                </speakers>
                <speakers>
                    <id>2969020</id>
                    <name>fitmyugckcdon</name>
                </speakers>
                <speakers>
                    <id>6853999</id>
                    <name>yvuicnwwobra</name>
                </speakers>
                <speakers>
                    <id>9932078</id>
                    <name>remtny</name>
                </speakers>
                <status>true</status>
            </channelList>
            <channelList>
                <id>3891672</id>
                <language>dwvycjkop</language>
                <name>uisecwjqsibh</name>
                <speakers>
                    <id>654631</id>
                    <name>dcsmscgicjidg</name>
                </speakers>
                <speakers>
                    <id>7939924</id>
                    <name>amtdj</name>
                </speakers>
                <speakers>
                    <id>9938315</id>
                    <name>rciac</name>
                </speakers>
                <speakers>
                    <id>422570</id>
                    <name>tgxrbnxhig</name>
                </speakers>
                <speakers>
                    <id>4663730</id>
                    <name>zmgdufa</name>
                </speakers>
                <status>false</status>
            </channelList>
            <dateEnd>6299300</dateEnd>
            <dateStart>4227112</dateStart>
            <name>tszmyuj</name>
            <status>false</status>
        </zoneList>
    </list>
    <list xmlns:xsi="http://www.w3.org/2001/XMLSchema-instance" xsi:type="event">
        <id>122987</id>
        <manager>
            <id>5686529</id>
            <name>sypxd</name>
        </manager>
        <name>phjkdrquo</name>
        <zoneList>
            <id>2695131</id>
            <channelList>
                <id>8523542</id>
                <language>jxhuezi</language>
                <name>okgpwllpckj</name>
                <speakers>
                    <id>21235</id>
                    <name>ojupukt</name>
                </speakers>
                <speakers>
                    <id>8008084</id>
                    <name>rqifwaedf</name>
                </speakers>
                <speakers>
                    <id>2662159</id>
                    <name>xdgnkambepsmx</name>
                </speakers>
                <speakers>
                    <id>3354008</id>
                    <name>vugapytyw</name>
                </speakers>
                <speakers>
                    <id>2306455</id>
                    <name>zozsqbsjfndft</name>
                </speakers>
                <status>false</status>
            </channelList>
            <channelList>
                <id>6169919</id>
                <language>omyuwxx</language>
                <name>wxembwrrr</name>
                <speakers>
                    <id>3205558</id>
                    <name>ccdergibics</name>
                </speakers>
                <speakers>
                    <id>7468716</id>
                    <name>cpjhermzvenvc</name>
                </speakers>
                <speakers>
                    <id>2179069</id>
                    <name>yqagfeyi</name>
                </speakers>
                <speakers>
                    <id>7755757</id>
                    <name>czecgnt</name>
                </speakers>
                <speakers>
                    <id>4652045</id>
                    <name>mhejshdbgkg</name>
                </speakers>
                <status>false</status>
            </channelList>
            <channelList>
                <id>2931753</id>
                <language>bpzjljwvbhql</language>
                <name>rbuwsezeqcvpy</name>
                <speakers>
                    <id>6417381</id>
                    <name>ttaolh</name>
                </speakers>
                <speakers>
                    <id>9254365</id>
                    <name>czdyjtdr</name>
                </speakers>
                <speakers>
                    <id>1270055</id>
                    <name>ywritmczbsjv</name>
                </speakers>
                <speakers>
                    <id>4166788</id>
                    <name>ostvta</name>
                </speakers>
                <speakers>
                    <id>8954793</id>
                    <name>iorrdpjke</name>
                </speakers>
                <status>true</status>
            </channelList>
            <channelList>
                <id>9215128</id>
                <language>kwxuwumaghnyu</language>
                <name>ughuoyalnpf</name>
                <speakers>
                    <id>2416026</id>
                    <name>blcxlrtfd</name>
                </speakers>
                <speakers>
                    <id>9215290</id>
                    <name>zzuxnqyukehma</name>
                </speakers>
                <speakers>
                    <id>3171676</id>
                    <name>pkvnxomxzju</name>
                </speakers>
                <speakers>
                    <id>7733290</id>
                    <name>cemjd</name>
                </speakers>
                <speakers>
                    <id>6262823</id>
                    <name>qiwchi</name>
                </speakers>
                <status>true</status>
            </channelList>
            <channelList>
                <id>2466941</id>
                <language>cxhxupaiuijkc</language>
                <name>qqhedlwhw</name>
                <speakers>
                    <id>6492876</id>
                    <name>rxrjlcu</name>
                </speakers>
                <speakers>
                    <id>3637224</id>
                    <name>ojsarq</name>
                </speakers>
                <speakers>
                    <id>844861</id>
                    <name>mqxvn</name>
                </speakers>
                <speakers>
                    <id>2073185</id>
                    <name>vgvaapvnj</name>
                </speakers>
                <speakers>
                    <id>5441092</id>
                    <name>xltzyx</name>
                </speakers>
                <status>true</status>
            </channelList>
            <dateEnd>7659651</dateEnd>
            <dateStart>3917826</dateStart>
            <name>tdqrptblgomic</name>
            <status>true</status>
        </zoneList>
        <zoneList>
            <id>6450590</id>
            <channelList>
                <id>9354390</id>
                <language>juzxezla</language>
                <name>nmaewbspdyk</name>
                <speakers>
                    <id>1672885</id>
                    <name>hakwplnx</name>
                </speakers>
                <speakers>
                    <id>1919952</id>
                    <name>otlgybmfgcyi</name>
                </speakers>
                <speakers>
                    <id>4435591</id>
                    <name>xjbldgcoyxf</name>
                </speakers>
                <speakers>
                    <id>2214871</id>
                    <name>hwfcq</name>
                </speakers>
                <speakers>
                    <id>1532788</id>
                    <name>iydtn</name>
                </speakers>
                <status>false</status>
            </channelList>
            <channelList>
                <id>8869780</id>
                <language>ijstdrhmax</language>
                <name>ybkbtcfdbqt</name>
                <speakers>
                    <id>5189966</id>
                    <name>duzlk</name>
                </speakers>
                <speakers>
                    <id>4166123</id>
                    <name>kpvny</name>
                </speakers>
                <speakers>
                    <id>3703986</id>
                    <name>lejmjognalvqq</name>
                </speakers>
                <speakers>
                    <id>6270736</id>
                    <name>lkmwpvrottw</name>
                </speakers>
                <speakers>
                    <id>8555169</id>
                    <name>bccsxexqfkf</name>
                </speakers>
                <status>false</status>
            </channelList>
            <channelList>
                <id>888434</id>
                <language>kbgirjgekkz</language>
                <name>abemenm</name>
                <speakers>
                    <id>681108</id>
                    <name>gntutdwdvdl</name>
                </speakers>
                <speakers>
                    <id>4330749</id>
                    <name>wtdiapr</name>
                </speakers>
                <speakers>
                    <id>5724271</id>
                    <name>bwrmeeube</name>
                </speakers>
                <speakers>
                    <id>7000891</id>
                    <name>nltixpibe</name>
                </speakers>
                <speakers>
                    <id>9590403</id>
                    <name>opikfjfbgist</name>
                </speakers>
                <status>true</status>
            </channelList>
            <channelList>
                <id>1814634</id>
                <language>fbyfrkdzuyc</language>
                <name>nxsygczzdjsmb</name>
                <speakers>
                    <id>7946452</id>
                    <name>rutjgfymorkv</name>
                </speakers>
                <speakers>
                    <id>5050376</id>
                    <name>hhiaqqxwen</name>
                </speakers>
                <speakers>
                    <id>1336758</id>
                    <name>hlizhvftrqyj</name>
                </speakers>
                <speakers>
                    <id>7956891</id>
                    <name>ekiglacso</name>
                </speakers>
                <speakers>
                    <id>7926653</id>
                    <name>xdbjeqs</name>
                </speakers>
                <status>false</status>
            </channelList>
            <channelList>
                <id>478461</id>
                <language>trbefbc</language>
                <name>kocaf</name>
                <speakers>
                    <id>1935937</id>
                    <name>nssji</name>
                </speakers>
                <speakers>
                    <id>1709645</id>
                    <name>cdoyaxpedxk</name>
                </speakers>
                <speakers>
                    <id>6617671</id>
                    <name>gzauofbkq</name>
                </speakers>
                <speakers>
                    <id>9396087</id>
                    <name>fbtvderawsw</name>
                </speakers>
                <speakers>
                    <id>1477721</id>
                    <name>iodxffyb</name>
                </speakers>
                <status>true</status>
            </channelList>
            <dateEnd>4872359</dateEnd>
            <dateStart>6273455</dateStart>
            <name>epdlya</name>
            <status>true</status>
        </zoneList>
    </list>
    <list xmlns:xsi="http://www.w3.org/2001/XMLSchema-instance" xsi:type="event">
        <id>1368374</id>
        <manager>
            <id>801603</id>
            <name>yprfriyuu</name>
        </manager>
        <name>kgwejoczay</name>
        <zoneList>
            <id>3528445</id>
            <channelList>
                <id>1587382</id>
                <language>qoojwgxyu</language>
                <name>nuibcxe</name>
                <speakers>
                    <id>7981144</id>
                    <name>wkcaorksccmo</name>
                </speakers>
                <speakers>
                    <id>8782528</id>
                    <name>xnlkwxvrjjw</name>
                </speakers>
                <speakers>
                    <id>6162689</id>
                    <name>pqztooe</name>
                </speakers>
                <speakers>
                    <id>8799781</id>
                    <name>iyuoda</name>
                </speakers>
                <speakers>
                    <id>6443169</id>
                    <name>stkuucezrwu</name>
                </speakers>
                <status>true</status>
            </channelList>
            <channelList>
                <id>6694947</id>
                <language>neqjythgejhgd</language>
                <name>umcygeyycmpq</name>
                <speakers>
                    <id>4696762</id>
                    <name>ayqxdnthoq</name>
                </speakers>
                <speakers>
                    <id>1324694</id>
                    <name>gxxtwxdj</name>
                </speakers>
                <speakers>
                    <id>8043735</id>
                    <name>jtsbhalsbgnd</name>
                </speakers>
                <speakers>
                    <id>504378</id>
                    <name>flnxsy</name>
                </speakers>
                <speakers>
                    <id>9923868</id>
                    <name>aqmrs</name>
                </speakers>
                <status>false</status>
            </channelList>
            <channelList>
                <id>3768946</id>
                <language>aokkkyurh</language>
                <name>ezbswmzm</name>
                <speakers>
                    <id>8131554</id>
                    <name>dcbhwq</name>
                </speakers>
                <speakers>
                    <id>8144628</id>
                    <name>minbnoflxa</name>
                </speakers>
                <speakers>
                    <id>8101753</id>
                    <name>yyfmaouqkjg</name>
                </speakers>
                <speakers>
                    <id>6200543</id>
                    <name>yvjbj</name>
                </speakers>
                <speakers>
                    <id>2146395</id>
                    <name>ddfvqasmhtnze</name>
                </speakers>
                <status>true</status>
            </channelList>
            <channelList>
                <id>5684007</id>
                <language>rabsdqsyiw</language>
                <name>cfoep</name>
                <speakers>
                    <id>4080962</id>
                    <name>kcrzjlkvq</name>
                </speakers>
                <speakers>
                    <id>161770</id>
                    <name>uzttbfdiojhit</name>
                </speakers>
                <speakers>
                    <id>9699008</id>
                    <name>fkaeijmlcfgs</name>
                </speakers>
                <speakers>
                    <id>5404056</id>
                    <name>jqkoldldv</name>
                </speakers>
                <speakers>
                    <id>5542359</id>
                    <name>japtpvqsoogh</name>
                </speakers>
                <status>true</status>
            </channelList>
            <channelList>
                <id>6774406</id>
                <language>dhajd</language>
                <name>swkmwctgd</name>
                <speakers>
                    <id>4556239</id>
                    <name>chcwakqms</name>
                </speakers>
                <speakers>
                    <id>8054470</id>
                    <name>eefuitc</name>
                </speakers>
                <speakers>
                    <id>5754570</id>
                    <name>xperqt</name>
                </speakers>
                <speakers>
                    <id>5262712</id>
                    <name>cduryblquhli</name>
                </speakers>
                <speakers>
                    <id>6187915</id>
                    <name>pkawmmrrhyujq</name>
                </speakers>
                <status>true</status>
            </channelList>
            <dateEnd>6354156</dateEnd>
            <dateStart>7422103</dateStart>
            <name>zafaojt</name>
            <status>false</status>
        </zoneList>
        <zoneList>
            <id>365282</id>
            <channelList>
                <id>3094707</id>
                <language>zcvanm</language>
                <name>nvhsmyg</name>
                <speakers>
                    <id>2413146</id>
                    <name>zwccdox</name>
                </speakers>
                <speakers>
                    <id>8750103</id>
                    <name>gzyidlg</name>
                </speakers>
                <speakers>
                    <id>528259</id>
                    <name>rgsemggaxvte</name>
                </speakers>
                <speakers>
                    <id>9339290</id>
                    <name>tbaidsuy</name>
                </speakers>
                <speakers>
                    <id>6602020</id>
                    <name>mizxdohw</name>
                </speakers>
                <status>false</status>
            </channelList>
            <channelList>
                <id>5348889</id>
                <language>bbgxxbtt</language>
                <name>rhegkiwftmk</name>
                <speakers>
                    <id>5366986</id>
                    <name>ubqvf</name>
                </speakers>
                <speakers>
                    <id>7469691</id>
                    <name>gfkzzf</name>
                </speakers>
                <speakers>
                    <id>7146714</id>
                    <name>nsiwriibj</name>
                </speakers>
                <speakers>
                    <id>8290965</id>
                    <name>cptdmabc</name>
                </speakers>
                <speakers>
                    <id>1962347</id>
                    <name>gbgzpy</name>
                </speakers>
                <status>false</status>
            </channelList>
            <channelList>
                <id>72656</id>
                <language>jwrkepdjse</language>
                <name>igjwjonaxzj</name>
                <speakers>
                    <id>4163644</id>
                    <name>trnzwlsrucyh</name>
                </speakers>
                <speakers>
                    <id>3790271</id>
                    <name>gnccbjzgfhik</name>
                </speakers>
                <speakers>
                    <id>5230890</id>
                    <name>vfzqyxsckpvz</name>
                </speakers>
                <speakers>
                    <id>2244086</id>
                    <name>oiiquhwdb</name>
                </speakers>
                <speakers>
                    <id>2054359</id>
                    <name>xzyjo</name>
                </speakers>
                <status>true</status>
            </channelList>
            <channelList>
                <id>8491368</id>
                <language>guddfz</language>
                <name>hwvpmrxnc</name>
                <speakers>
                    <id>7616999</id>
                    <name>kwuzyurxv</name>
                </speakers>
                <speakers>
                    <id>1933693</id>
                    <name>tmdqs</name>
                </speakers>
                <speakers>
                    <id>9775827</id>
                    <name>fkbtlg</name>
                </speakers>
                <speakers>
                    <id>74990</id>
                    <name>miyussykmsdaa</name>
                </speakers>
                <speakers>
                    <id>213182</id>
                    <name>oryhujgrvjs</name>
                </speakers>
                <status>false</status>
            </channelList>
            <channelList>
                <id>1243999</id>
                <language>nvjcfvcmb</language>
                <name>uxihiczfgigq</name>
                <speakers>
                    <id>8865234</id>
                    <name>wfnzwhrso</name>
                </speakers>
                <speakers>
                    <id>2140982</id>
                    <name>fisuyu</name>
                </speakers>
                <speakers>
                    <id>5124368</id>
                    <name>nbqmdt</name>
                </speakers>
                <speakers>
                    <id>315904</id>
                    <name>bkwcmggtxfd</name>
                </speakers>
                <speakers>
                    <id>8756683</id>
                    <name>xmdpakwtmtuok</name>
                </speakers>
                <status>true</status>
            </channelList>
            <dateEnd>3212372</dateEnd>
            <dateStart>1219548</dateStart>
            <name>sggtrvzbtbxbn</name>
            <status>true</status>
        </zoneList>
    </list>
    <list xmlns:xsi="http://www.w3.org/2001/XMLSchema-instance" xsi:type="event">
        <id>4473299</id>
        <manager>
            <id>2371669</id>
            <name>yotots</name>
        </manager>
        <name>cevktj</name>
        <zoneList>
            <id>1209814</id>
            <channelList>
                <id>7675567</id>
                <language>ezxpceh</language>
                <name>lbzvbradshr</name>
                <speakers>
                    <id>4991530</id>
                    <name>vmenitpcw</name>
                </speakers>
                <speakers>
                    <id>3026315</id>
                    <name>uagofan</name>
                </speakers>
                <speakers>
                    <id>6480253</id>
                    <name>btodvh</name>
                </speakers>
                <speakers>
                    <id>7244418</id>
                    <name>nqjgnj</name>
                </speakers>
                <speakers>
                    <id>7201127</id>
                    <name>rdbnnumo</name>
                </speakers>
                <status>true</status>
            </channelList>
            <channelList>
                <id>6955732</id>
                <language>ojtdwch</language>
                <name>dvoycywrjcxnd</name>
                <speakers>
                    <id>2414101</id>
                    <name>xshhr</name>
                </speakers>
                <speakers>
                    <id>4664310</id>
                    <name>ygkpflirlhk</name>
                </speakers>
                <speakers>
                    <id>7500152</id>
                    <name>sqtyikkwlgf</name>
                </speakers>
                <speakers>
                    <id>9737614</id>
                    <name>ygwmequahqyfb</name>
                </speakers>
                <speakers>
                    <id>5916996</id>
                    <name>lsjkuco</name>
                </speakers>
                <status>true</status>
            </channelList>
            <channelList>
                <id>3433533</id>
                <language>akydgqzsvz</language>
                <name>bvofoeccff</name>
                <speakers>
                    <id>6776702</id>
                    <name>cdcjrovoa</name>
                </speakers>
                <speakers>
                    <id>9818311</id>
                    <name>ruzyyqn</name>
                </speakers>
                <speakers>
                    <id>8957413</id>
                    <name>mmnmysysigunr</name>
                </speakers>
                <speakers>
                    <id>9909711</id>
                    <name>ulimtwxp</name>
                </speakers>
                <speakers>
                    <id>3563832</id>
                    <name>sbouqkyyxhjb</name>
                </speakers>
                <status>true</status>
            </channelList>
            <channelList>
                <id>6610919</id>
                <language>cqvfni</language>
                <name>yaxfnbhxdo</name>
                <speakers>
                    <id>9812945</id>
                    <name>grxdszww</name>
                </speakers>
                <speakers>
                    <id>3597558</id>
                    <name>mikaqmwkm</name>
                </speakers>
                <speakers>
                    <id>3614311</id>
                    <name>zezmxrwpobx</name>
                </speakers>
                <speakers>
                    <id>6696006</id>
                    <name>wrpceujjfxis</name>
                </speakers>
                <speakers>
                    <id>4335226</id>
                    <name>gnuyurfc</name>
                </speakers>
                <status>false</status>
            </channelList>
            <channelList>
                <id>5937471</id>
                <language>htcmjjjtqbsln</language>
                <name>tqtenre</name>
                <speakers>
                    <id>9745397</id>
                    <name>qqcuzkkzdsz</name>
                </speakers>
                <speakers>
                    <id>6019055</id>
                    <name>caisjlklrwh</name>
                </speakers>
                <speakers>
                    <id>1373719</id>
                    <name>rrcuyclfqy</name>
                </speakers>
                <speakers>
                    <id>2253785</id>
                    <name>plfwhldbbxabj</name>
                </speakers>
                <speakers>
                    <id>7724151</id>
                    <name>zkvafnk</name>
                </speakers>
                <status>true</status>
            </channelList>
            <dateEnd>3396602</dateEnd>
            <dateStart>5559148</dateStart>
            <name>qvbzaikooifop</name>
            <status>true</status>
        </zoneList>
        <zoneList>
            <id>333696</id>
            <channelList>
                <id>981905</id>
                <language>erqsbdtbsg</language>
                <name>sulspylmlwthl</name>
                <speakers>
                    <id>6718245</id>
                    <name>dcwjgdlrztdy</name>
                </speakers>
                <speakers>
                    <id>7240024</id>
                    <name>zapakrml</name>
                </speakers>
                <speakers>
                    <id>4054128</id>
                    <name>bwticggvxbd</name>
                </speakers>
                <speakers>
                    <id>9765744</id>
                    <name>birsrdokfep</name>
                </speakers>
                <speakers>
                    <id>5013619</id>
                    <name>mbbeinea</name>
                </speakers>
                <status>false</status>
            </channelList>
            <channelList>
                <id>870172</id>
                <language>itdusw</language>
                <name>oiwpwmbzotzr</name>
                <speakers>
                    <id>2697645</id>
                    <name>isyfjrwxq</name>
                </speakers>
                <speakers>
                    <id>9909722</id>
                    <name>vhwzhydmavwl</name>
                </speakers>
                <speakers>
                    <id>8753702</id>
                    <name>zjabyez</name>
                </speakers>
                <speakers>
                    <id>6896986</id>
                    <name>sdflah</name>
                </speakers>
                <speakers>
                    <id>1561042</id>
                    <name>xxwovdimopjmj</name>
                </speakers>
                <status>true</status>
            </channelList>
            <channelList>
                <id>4192729</id>
                <language>aigrhvyflzg</language>
                <name>vrjvi</name>
                <speakers>
                    <id>9316465</id>
                    <name>hgtnkkqwmvcv</name>
                </speakers>
                <speakers>
                    <id>1942131</id>
                    <name>nadmgrnuvkk</name>
                </speakers>
                <speakers>
                    <id>2599389</id>
                    <name>cxjiaimgvc</name>
                </speakers>
                <speakers>
                    <id>4707494</id>
                    <name>wfrrkupshb</name>
                </speakers>
                <speakers>
                    <id>8106134</id>
                    <name>zwafardqz</name>
                </speakers>
                <status>false</status>
            </channelList>
            <channelList>
                <id>3938079</id>
                <language>kgcugaodgfjil</language>
                <name>zkverepjzmu</name>
                <speakers>
                    <id>9077147</id>
                    <name>ckmny</name>
                </speakers>
                <speakers>
                    <id>2194776</id>
                    <name>apgxhzlajairs</name>
                </speakers>
                <speakers>
                    <id>7004009</id>
                    <name>qwoivpgre</name>
                </speakers>
                <speakers>
                    <id>6120821</id>
                    <name>hcqchuicbpj</name>
                </speakers>
                <speakers>
                    <id>945710</id>
                    <name>aqnbxtpppo</name>
                </speakers>
                <status>false</status>
            </channelList>
            <channelList>
                <id>8857504</id>
                <language>baibjrejfp</language>
                <name>lwhsxw</name>
                <speakers>
                    <id>7150048</id>
                    <name>nkoswbryfx</name>
                </speakers>
                <speakers>
                    <id>304732</id>
                    <name>pkfeocy</name>
                </speakers>
                <speakers>
                    <id>7025610</id>
                    <name>ifojztrnjjlbj</name>
                </speakers>
                <speakers>
                    <id>1970538</id>
                    <name>fxbjovbszw</name>
                </speakers>
                <speakers>
                    <id>9275375</id>
                    <name>nfqyb</name>
                </speakers>
                <status>true</status>
            </channelList>
            <dateEnd>3654502</dateEnd>
            <dateStart>8117979</dateStart>
            <name>qvqkdd</name>
            <status>true</status>
        </zoneList>
    </list>
    <list xmlns:xsi="http://www.w3.org/2001/XMLSchema-instance" xsi:type="event">
        <id>3284703</id>
        <manager>
            <id>4087637</id>
            <name>fuplaezgodq</name>
        </manager>
        <name>qgdlwsbk</name>
        <zoneList>
            <id>2019727</id>
            <channelList>
                <id>6108468</id>
                <language>uxhyiodri</language>
                <name>isnfwuwx</name>
                <speakers>
                    <id>1985548</id>
                    <name>pmmqsmkclq</name>
                </speakers>
                <speakers>
                    <id>5805700</id>
                    <name>sibokenunnyju</name>
                </speakers>
                <speakers>
                    <id>525624</id>
                    <name>lgpdyxmb</name>
                </speakers>
                <speakers>
                    <id>5682925</id>
                    <name>gfsmrxgu</name>
                </speakers>
                <speakers>
                    <id>5863660</id>
                    <name>bddunhmqhwjz</name>
                </speakers>
                <status>true</status>
            </channelList>
            <channelList>
                <id>3697199</id>
                <language>sdlbdynhwpra</language>
                <name>ukuoxuo</name>
                <speakers>
                    <id>9226854</id>
                    <name>qydnkcpsw</name>
                </speakers>
                <speakers>
                    <id>324989</id>
                    <name>pjnolkapmie</name>
                </speakers>
                <speakers>
                    <id>994456</id>
                    <name>dbahhyyvxl</name>
                </speakers>
                <speakers>
                    <id>6839957</id>
                    <name>jxkngjc</name>
                </speakers>
                <speakers>
                    <id>4390922</id>
                    <name>tkdvdvxpt</name>
                </speakers>
                <status>false</status>
            </channelList>
            <channelList>
                <id>7260815</id>
                <language>rfbavqxfeo</language>
                <name>wqppvkqbz</name>
                <speakers>
                    <id>1795099</id>
                    <name>swhrojnol</name>
                </speakers>
                <speakers>
                    <id>9547268</id>
                    <name>rluqmenonu</name>
                </speakers>
                <speakers>
                    <id>5603623</id>
                    <name>jcbyinhsoawyb</name>
                </speakers>
                <speakers>
                    <id>9619686</id>
                    <name>shktw</name>
                </speakers>
                <speakers>
                    <id>1714952</id>
                    <name>cikunptjoe</name>
                </speakers>
                <status>true</status>
            </channelList>
            <channelList>
                <id>3961070</id>
                <language>ujdtsqehfo</language>
                <name>mtsrtslq</name>
                <speakers>
                    <id>7290638</id>
                    <name>ojuanr</name>
                </speakers>
                <speakers>
                    <id>7998404</id>
                    <name>aydxnqcts</name>
                </speakers>
                <speakers>
                    <id>9613336</id>
                    <name>rnpvhrkeu</name>
                </speakers>
                <speakers>
                    <id>996778</id>
                    <name>hclvzbhuyg</name>
                </speakers>
                <speakers>
                    <id>6611687</id>
                    <name>zoatlnjjixx</name>
                </speakers>
                <status>false</status>
            </channelList>
            <channelList>
                <id>7755681</id>
                <language>atotxag</language>
                <name>bztnrihec</name>
                <speakers>
                    <id>8813803</id>
                    <name>ifgcwwhp</name>
                </speakers>
                <speakers>
                    <id>3968824</id>
                    <name>qfqlnktvbrq</name>
                </speakers>
                <speakers>
                    <id>2972852</id>
                    <name>ulznys</name>
                </speakers>
                <speakers>
                    <id>1187817</id>
                    <name>iyqesxpl</name>
                </speakers>
                <speakers>
                    <id>5713553</id>
                    <name>zxfonrqz</name>
                </speakers>
                <status>true</status>
            </channelList>
            <dateEnd>6245284</dateEnd>
            <dateStart>9392751</dateStart>
            <name>whnaacsfbfkcg</name>
            <status>true</status>
        </zoneList>
        <zoneList>
            <id>1630186</id>
            <channelList>
                <id>8995394</id>
                <language>rmlsi</language>
                <name>gyyqsymn</name>
                <speakers>
                    <id>5617180</id>
                    <name>nbmsois</name>
                </speakers>
                <speakers>
                    <id>8817912</id>
                    <name>rylnscebrlxsx</name>
                </speakers>
                <speakers>
                    <id>9461847</id>
                    <name>mbtirbmrot</name>
                </speakers>
                <speakers>
                    <id>3150451</id>
                    <name>bccfe</name>
                </speakers>
                <speakers>
                    <id>2917036</id>
                    <name>qabokiuvcb</name>
                </speakers>
                <status>false</status>
            </channelList>
            <channelList>
                <id>9556658</id>
                <language>uclzkiqa</language>
                <name>grjpvadegglgc</name>
                <speakers>
                    <id>4878511</id>
                    <name>nhtzd</name>
                </speakers>
                <speakers>
                    <id>9102756</id>
                    <name>kuyclfbygnd</name>
                </speakers>
                <speakers>
                    <id>1463134</id>
                    <name>kurbmhwrfepvf</name>
                </speakers>
                <speakers>
                    <id>9664158</id>
                    <name>kvuyeho</name>
                </speakers>
                <speakers>
                    <id>2273725</id>
                    <name>hpaabumc</name>
                </speakers>
                <status>true</status>
            </channelList>
            <channelList>
                <id>9250469</id>
                <language>hwzppby</language>
                <name>goinvn</name>
                <speakers>
                    <id>3781063</id>
                    <name>jgzpgeuce</name>
                </speakers>
                <speakers>
                    <id>814579</id>
                    <name>enpjlnzynud</name>
                </speakers>
                <speakers>
                    <id>1610946</id>
                    <name>twgkoyfxrtu</name>
                </speakers>
                <speakers>
                    <id>1432927</id>
                    <name>cawagnwb</name>
                </speakers>
                <speakers>
                    <id>2172874</id>
                    <name>optpmvzbqvkk</name>
                </speakers>
                <status>false</status>
            </channelList>
            <channelList>
                <id>9762492</id>
                <language>trfmssillxm</language>
                <name>shyvqzywpxnt</name>
                <speakers>
                    <id>1645501</id>
                    <name>xfdzqgmrfcpl</name>
                </speakers>
                <speakers>
                    <id>6948364</id>
                    <name>uiipmwfd</name>
                </speakers>
                <speakers>
                    <id>6354194</id>
                    <name>jtseaiwuhks</name>
                </speakers>
                <speakers>
                    <id>1656708</id>
                    <name>wfuqxrq</name>
                </speakers>
                <speakers>
                    <id>9995071</id>
                    <name>algdrybsruz</name>
                </speakers>
                <status>true</status>
            </channelList>
            <channelList>
                <id>50668</id>
                <language>svcvexhqul</language>
                <name>squbpsyjvvrbk</name>
                <speakers>
                    <id>5022273</id>
                    <name>uofbov</name>
                </speakers>
                <speakers>
                    <id>7526611</id>
                    <name>tyrogpxastb</name>
                </speakers>
                <speakers>
                    <id>1524138</id>
                    <name>nwnpwvivxd</name>
                </speakers>
                <speakers>
                    <id>8310723</id>
                    <name>cihrvlmxjgehq</name>
                </speakers>
                <speakers>
                    <id>2152477</id>
                    <name>xfulbjegaswxa</name>
                </speakers>
                <status>false</status>
            </channelList>
            <dateEnd>2782001</dateEnd>
            <dateStart>2322320</dateStart>
            <name>xrcuaps</name>
            <status>true</status>
        </zoneList>
    </list>
    <list xmlns:xsi="http://www.w3.org/2001/XMLSchema-instance" xsi:type="event">
        <id>987623</id>
        <manager>
            <id>612907</id>
            <name>posrhq</name>
        </manager>
        <name>jbpxdrter</name>
        <zoneList>
            <id>2399429</id>
            <channelList>
                <id>5962020</id>
                <language>ggsqhxrvkxgy</language>
                <name>whzqdnetwk</name>
                <speakers>
                    <id>6511825</id>
                    <name>bwyygarh</name>
                </speakers>
                <speakers>
                    <id>8572872</id>
                    <name>nkygljsfod</name>
                </speakers>
                <speakers>
                    <id>4271411</id>
                    <name>qhrfbo</name>
                </speakers>
                <speakers>
                    <id>1624286</id>
                    <name>flpysurgrem</name>
                </speakers>
                <speakers>
                    <id>3462634</id>
                    <name>nbkxzdi</name>
                </speakers>
                <status>false</status>
            </channelList>
            <channelList>
                <id>5130215</id>
                <language>hobwdhotwilby</language>
                <name>plseoqsorb</name>
                <speakers>
                    <id>4038967</id>
                    <name>xhmzzhr</name>
                </speakers>
                <speakers>
                    <id>9635762</id>
                    <name>iuvdb</name>
                </speakers>
                <speakers>
                    <id>2573010</id>
                    <name>lbnrmwarg</name>
                </speakers>
                <speakers>
                    <id>282026</id>
                    <name>awodoi</name>
                </speakers>
                <speakers>
                    <id>5165532</id>
                    <name>bnlsn</name>
                </speakers>
                <status>false</status>
            </channelList>
            <channelList>
                <id>6221587</id>
                <language>rfptam</language>
                <name>vliwt</name>
                <speakers>
                    <id>6367495</id>
                    <name>tfdiacj</name>
                </speakers>
                <speakers>
                    <id>1433911</id>
                    <name>tuarnndzr</name>
                </speakers>
                <speakers>
                    <id>1276558</id>
                    <name>sfmbdpcvlgh</name>
                </speakers>
                <speakers>
                    <id>982284</id>
                    <name>xjlzqvjuwvzy</name>
                </speakers>
                <speakers>
                    <id>290525</id>
                    <name>gtxxbbrdnsi</name>
                </speakers>
                <status>false</status>
            </channelList>
            <channelList>
                <id>9809191</id>
                <language>glyqogo</language>
                <name>vmguhuczjzn</name>
                <speakers>
                    <id>1036027</id>
                    <name>oihzeupkyrs</name>
                </speakers>
                <speakers>
                    <id>9650026</id>
                    <name>rhpevarx</name>
                </speakers>
                <speakers>
                    <id>1554814</id>
                    <name>klovtec</name>
                </speakers>
                <speakers>
                    <id>357647</id>
                    <name>pfzvpz</name>
                </speakers>
                <speakers>
                    <id>9264567</id>
                    <name>xxjrfnrbglbsp</name>
                </speakers>
                <status>true</status>
            </channelList>
            <channelList>
                <id>8297407</id>
                <language>ygrksib</language>
                <name>fnrznk</name>
                <speakers>
                    <id>3957804</id>
                    <name>bqvgjcbvwu</name>
                </speakers>
                <speakers>
                    <id>1560230</id>
                    <name>xzzne</name>
                </speakers>
                <speakers>
                    <id>5420515</id>
                    <name>xhtrrynt</name>
                </speakers>
                <speakers>
                    <id>6272081</id>
                    <name>hzzulylfsopzo</name>
                </speakers>
                <speakers>
                    <id>771996</id>
                    <name>rcggi</name>
                </speakers>
                <status>true</status>
            </channelList>
            <dateEnd>8709442</dateEnd>
            <dateStart>2719590</dateStart>
            <name>mbelwqwqee</name>
            <status>false</status>
        </zoneList>
        <zoneList>
            <id>6085328</id>
            <channelList>
                <id>7434290</id>
                <language>mqctdkg</language>
                <name>zjssta</name>
                <speakers>
                    <id>5986953</id>
                    <name>bhyrmm</name>
                </speakers>
                <speakers>
                    <id>6337312</id>
                    <name>hufnhqvm</name>
                </speakers>
                <speakers>
                    <id>9644953</id>
                    <name>mwrxzgjqqv</name>
                </speakers>
                <speakers>
                    <id>5898222</id>
                    <name>crrjygouo</name>
                </speakers>
                <speakers>
                    <id>2830893</id>
                    <name>ggsirsnufh</name>
                </speakers>
                <status>true</status>
            </channelList>
            <channelList>
                <id>9706232</id>
                <language>kvryhsfr</language>
                <name>gheiavmjlafqs</name>
                <speakers>
                    <id>2008291</id>
                    <name>evsbk</name>
                </speakers>
                <speakers>
                    <id>8496030</id>
                    <name>zwruxne</name>
                </speakers>
                <speakers>
                    <id>4547279</id>
                    <name>uymkkhdca</name>
                </speakers>
                <speakers>
                    <id>2245120</id>
                    <name>rnifaflucvm</name>
                </speakers>
                <speakers>
                    <id>6258643</id>
                    <name>cuzgtsjanfqrw</name>
                </speakers>
                <status>true</status>
            </channelList>
            <channelList>
                <id>5296745</id>
                <language>gelazkubt</language>
                <name>yrpzms</name>
                <speakers>
                    <id>8418627</id>
                    <name>grzactntrxcab</name>
                </speakers>
                <speakers>
                    <id>1886983</id>
                    <name>wnsygxo</name>
                </speakers>
                <speakers>
                    <id>8242618</id>
                    <name>azwminfge</name>
                </speakers>
                <speakers>
                    <id>9259370</id>
                    <name>twboz</name>
                </speakers>
                <speakers>
                    <id>3892979</id>
                    <name>ydwwpfcslycx</name>
                </speakers>
                <status>true</status>
            </channelList>
            <channelList>
                <id>5042252</id>
                <language>qgfovoybfmqqa</language>
                <name>rhpbpflp</name>
                <speakers>
                    <id>9955404</id>
                    <name>mcvxhwvz</name>
                </speakers>
                <speakers>
                    <id>1836456</id>
                    <name>wfqbhhotmpc</name>
                </speakers>
                <speakers>
                    <id>5916310</id>
                    <name>fsbebqgzhi</name>
                </speakers>
                <speakers>
                    <id>8267747</id>
                    <name>ajhzatvtse</name>
                </speakers>
                <speakers>
                    <id>7544414</id>
                    <name>qhwfw</name>
                </speakers>
                <status>false</status>
            </channelList>
            <channelList>
                <id>4862764</id>
                <language>lkfhetznl</language>
                <name>rqhzjtxamoez</name>
                <speakers>
                    <id>7493914</id>
                    <name>snrhzboyumz</name>
                </speakers>
                <speakers>
                    <id>7709846</id>
                    <name>mfhaexuht</name>
                </speakers>
                <speakers>
                    <id>3284501</id>
                    <name>siwrpaorztxw</name>
                </speakers>
                <speakers>
                    <id>6214584</id>
                    <name>ysqhdujm</name>
                </speakers>
                <speakers>
                    <id>8552719</id>
                    <name>scixbzncpr</name>
                </speakers>
                <status>true</status>
            </channelList>
            <dateEnd>9827159</dateEnd>
            <dateStart>2550925</dateStart>
            <name>beqfjnxlmw</name>
            <status>false</status>
        </zoneList>
    </list>
    <list xmlns:xsi="http://www.w3.org/2001/XMLSchema-instance" xsi:type="event">
        <id>6993300</id>
        <manager>
            <id>2239278</id>
            <name>pulpskgw</name>
        </manager>
        <name>ggswkietbnz</name>
        <zoneList>
            <id>5221608</id>
            <channelList>
                <id>8080547</id>
                <language>myovvlvlzdul</language>
                <name>lfcejjpmkxwhr</name>
                <speakers>
                    <id>5730659</id>
                    <name>hhxcosemdm</name>
                </speakers>
                <speakers>
                    <id>7956654</id>
                    <name>ogufdenjkqqow</name>
                </speakers>
                <speakers>
                    <id>3930805</id>
                    <name>ebcmdknpfvue</name>
                </speakers>
                <speakers>
                    <id>3003536</id>
                    <name>pmhszlmvyql</name>
                </speakers>
                <speakers>
                    <id>8209734</id>
                    <name>hhezwwthmaenu</name>
                </speakers>
                <status>false</status>
            </channelList>
            <channelList>
                <id>7065910</id>
                <language>uumwsy</language>
                <name>mffus</name>
                <speakers>
                    <id>3652041</id>
                    <name>vbdsquccx</name>
                </speakers>
                <speakers>
                    <id>6749400</id>
                    <name>suhaplof</name>
                </speakers>
                <speakers>
                    <id>8003930</id>
                    <name>hrilpkkecnbsd</name>
                </speakers>
                <speakers>
                    <id>2424185</id>
                    <name>eckojbd</name>
                </speakers>
                <speakers>
                    <id>5644694</id>
                    <name>rbhcxuaiwzokm</name>
                </speakers>
                <status>false</status>
            </channelList>
            <channelList>
                <id>4759822</id>
                <language>bcbyrz</language>
                <name>gdupdntb</name>
                <speakers>
                    <id>8531017</id>
                    <name>thjgwvrfaf</name>
                </speakers>
                <speakers>
                    <id>686738</id>
                    <name>fpcwzdih</name>
                </speakers>
                <speakers>
                    <id>3895293</id>
                    <name>ubjqzny</name>
                </speakers>
                <speakers>
                    <id>1291892</id>
                    <name>bnxlhjhszut</name>
                </speakers>
                <speakers>
                    <id>9361070</id>
                    <name>lbibsrylpkvf</name>
                </speakers>
                <status>true</status>
            </channelList>
            <channelList>
                <id>580173</id>
                <language>cuuvnhhmmxwc</language>
                <name>cyslpeaqea</name>
                <speakers>
                    <id>922722</id>
                    <name>zsdexu</name>
                </speakers>
                <speakers>
                    <id>653265</id>
                    <name>mnampgfkerrv</name>
                </speakers>
                <speakers>
                    <id>417438</id>
                    <name>qnsbqhfz</name>
                </speakers>
                <speakers>
                    <id>9992748</id>
                    <name>fbhti</name>
                </speakers>
                <speakers>
                    <id>2163132</id>
                    <name>keznesfyb</name>
                </speakers>
                <status>false</status>
            </channelList>
            <channelList>
                <id>2762944</id>
                <language>pqeeer</language>
                <name>eoobp</name>
                <speakers>
                    <id>7240955</id>
                    <name>exnazq</name>
                </speakers>
                <speakers>
                    <id>2854744</id>
                    <name>thwhcrjklb</name>
                </speakers>
                <speakers>
                    <id>1426948</id>
                    <name>xsirua</name>
                </speakers>
                <speakers>
                    <id>2460625</id>
                    <name>kuugvshcsirt</name>
                </speakers>
                <speakers>
                    <id>2611656</id>
                    <name>rhwafrawne</name>
                </speakers>
                <status>true</status>
            </channelList>
            <dateEnd>4170573</dateEnd>
            <dateStart>4030893</dateStart>
            <name>xgyrnvs</name>
            <status>false</status>
        </zoneList>
        <zoneList>
            <id>6059731</id>
            <channelList>
                <id>1549487</id>
                <language>yldrekb</language>
                <name>fvklhicnxlp</name>
                <speakers>
                    <id>8913962</id>
                    <name>ehkvce</name>
                </speakers>
                <speakers>
                    <id>4518590</id>
                    <name>ymoacsgp</name>
                </speakers>
                <speakers>
                    <id>2403483</id>
                    <name>jviwwlwcqtfi</name>
                </speakers>
                <speakers>
                    <id>2011540</id>
                    <name>uiypqmkcoggew</name>
                </speakers>
                <speakers>
                    <id>460469</id>
                    <name>xvavyxo</name>
                </speakers>
                <status>false</status>
            </channelList>
            <channelList>
                <id>4277467</id>
                <language>nddqgwhoidyva</language>
                <name>yddby</name>
                <speakers>
                    <id>3253381</id>
                    <name>vxkzcdwtyhxh</name>
                </speakers>
                <speakers>
                    <id>7884000</id>
                    <name>ecanal</name>
                </speakers>
                <speakers>
                    <id>7809040</id>
                    <name>ezmwugdqmt</name>
                </speakers>
                <speakers>
                    <id>304875</id>
                    <name>hwosdjgig</name>
                </speakers>
                <speakers>
                    <id>6575208</id>
                    <name>ibgae</name>
                </speakers>
                <status>true</status>
            </channelList>
            <channelList>
                <id>5679300</id>
                <language>rlkytpfu</language>
                <name>rqodqz</name>
                <speakers>
                    <id>6137273</id>
                    <name>psulrxodna</name>
                </speakers>
                <speakers>
                    <id>3853613</id>
                    <name>pwfbdahhf</name>
                </speakers>
                <speakers>
                    <id>5067763</id>
                    <name>oejclxbqtum</name>
                </speakers>
                <speakers>
                    <id>714956</id>
                    <name>eotvvoixt</name>
                </speakers>
                <speakers>
                    <id>4610383</id>
                    <name>evsijqx</name>
                </speakers>
                <status>false</status>
            </channelList>
            <channelList>
                <id>175164</id>
                <language>amtqyrm</language>
                <name>iazijbs</name>
                <speakers>
                    <id>7044884</id>
                    <name>knwudzyada</name>
                </speakers>
                <speakers>
                    <id>1498914</id>
                    <name>xzsjkwuhiytrl</name>
                </speakers>
                <speakers>
                    <id>9756459</id>
                    <name>yudaybe</name>
                </speakers>
                <speakers>
                    <id>8755560</id>
                    <name>vmbgablyfw</name>
                </speakers>
                <speakers>
                    <id>9443767</id>
                    <name>jnnvuyoanewvk</name>
                </speakers>
                <status>true</status>
            </channelList>
            <channelList>
                <id>5261876</id>
                <language>rzejawxvfmsgj</language>
                <name>szlwireua</name>
                <speakers>
                    <id>8847129</id>
                    <name>snmbutdntwczn</name>
                </speakers>
                <speakers>
                    <id>8758956</id>
                    <name>hfeohdu</name>
                </speakers>
                <speakers>
                    <id>5212893</id>
                    <name>ystopbwxxhonk</name>
                </speakers>
                <speakers>
                    <id>4762888</id>
                    <name>kahavcqrsa</name>
                </speakers>
                <speakers>
                    <id>8109470</id>
                    <name>wtlxulhek</name>
                </speakers>
                <status>true</status>
            </channelList>
            <dateEnd>5049534</dateEnd>
            <dateStart>5905454</dateStart>
            <name>gbvzqjjbuzay</name>
            <status>false</status>
        </zoneList>
    </list>
    <list xmlns:xsi="http://www.w3.org/2001/XMLSchema-instance" xsi:type="event">
        <id>8416350</id>
        <manager>
            <id>494292</id>
            <name>zfcqala</name>
        </manager>
        <name>aljcaxlbnr</name>
        <zoneList>
            <id>164449</id>
            <channelList>
                <id>1935969</id>
                <language>jmwfrpkme</language>
                <name>ishudgclj</name>
                <speakers>
                    <id>9606113</id>
                    <name>rrkett</name>
                </speakers>
                <speakers>
                    <id>4479605</id>
                    <name>jwzvmvhhmqltp</name>
                </speakers>
                <speakers>
                    <id>1395179</id>
                    <name>mmaejbb</name>
                </speakers>
                <speakers>
                    <id>6368804</id>
                    <name>zledws</name>
                </speakers>
                <speakers>
                    <id>6609234</id>
                    <name>nytfrazkxhz</name>
                </speakers>
                <status>false</status>
            </channelList>
            <channelList>
                <id>9959687</id>
                <language>jphzoncr</language>
                <name>osmqpqhat</name>
                <speakers>
                    <id>4123715</id>
                    <name>nnlihaovj</name>
                </speakers>
                <speakers>
                    <id>110963</id>
                    <name>hsqrvlebaknst</name>
                </speakers>
                <speakers>
                    <id>1411706</id>
                    <name>pfswn</name>
                </speakers>
                <speakers>
                    <id>7541659</id>
                    <name>rcvxlfouzinu</name>
                </speakers>
                <speakers>
                    <id>8556092</id>
                    <name>dljtuautyekky</name>
                </speakers>
                <status>false</status>
            </channelList>
            <channelList>
                <id>2286368</id>
                <language>kbtku</language>
                <name>sladqnjfvhhm</name>
                <speakers>
                    <id>9265877</id>
                    <name>qntvtnd</name>
                </speakers>
                <speakers>
                    <id>2648220</id>
                    <name>mjypuqtb</name>
                </speakers>
                <speakers>
                    <id>7643176</id>
                    <name>dwejqfgz</name>
                </speakers>
                <speakers>
                    <id>1957726</id>
                    <name>velaiqj</name>
                </speakers>
                <speakers>
                    <id>6068154</id>
                    <name>hxoqhjhrpqt</name>
                </speakers>
                <status>true</status>
            </channelList>
            <channelList>
                <id>8134854</id>
                <language>prudg</language>
                <name>jtpvfgelhaj</name>
                <speakers>
                    <id>6166837</id>
                    <name>rlxloaqqxg</name>
                </speakers>
                <speakers>
                    <id>1354757</id>
                    <name>ytjkmsvzund</name>
                </speakers>
                <speakers>
                    <id>9637723</id>
                    <name>mbyjgthzwyyuv</name>
                </speakers>
                <speakers>
                    <id>2073510</id>
                    <name>gufmpmfb</name>
                </speakers>
                <speakers>
                    <id>7434003</id>
                    <name>wlofzmuglgi</name>
                </speakers>
                <status>true</status>
            </channelList>
            <channelList>
                <id>1814596</id>
                <language>gbaeyenx</language>
                <name>fxtssirha</name>
                <speakers>
                    <id>2042812</id>
                    <name>ocsxctz</name>
                </speakers>
                <speakers>
                    <id>8514111</id>
                    <name>zraxbzamjf</name>
                </speakers>
                <speakers>
                    <id>1142393</id>
                    <name>gfkhhixgltm</name>
                </speakers>
                <speakers>
                    <id>2971236</id>
                    <name>xwfwbkukaiqb</name>
                </speakers>
                <speakers>
                    <id>5529230</id>
                    <name>nnjimwqs</name>
                </speakers>
                <status>true</status>
            </channelList>
            <dateEnd>4516244</dateEnd>
            <dateStart>727414</dateStart>
            <name>fooxpgujljz</name>
            <status>true</status>
        </zoneList>
        <zoneList>
            <id>2922444</id>
            <channelList>
                <id>6687222</id>
                <language>wzjmbqxtiwfch</language>
                <name>xfdnbplxd</name>
                <speakers>
                    <id>8979329</id>
                    <name>sffin</name>
                </speakers>
                <speakers>
                    <id>1248669</id>
                    <name>ajipxj</name>
                </speakers>
                <speakers>
                    <id>6926770</id>
                    <name>ixniwndi</name>
                </speakers>
                <speakers>
                    <id>6072004</id>
                    <name>jinrf</name>
                </speakers>
                <speakers>
                    <id>3877565</id>
                    <name>qhmtgkwsgvlk</name>
                </speakers>
                <status>false</status>
            </channelList>
            <channelList>
                <id>3832552</id>
                <language>uzmgszpjjlmri</language>
                <name>neupgzdgjfpqr</name>
                <speakers>
                    <id>7830106</id>
                    <name>ylotqsu</name>
                </speakers>
                <speakers>
                    <id>9967554</id>
                    <name>vrqglpr</name>
                </speakers>
                <speakers>
                    <id>6081020</id>
                    <name>tfrrjgddddmhm</name>
                </speakers>
                <speakers>
                    <id>962795</id>
                    <name>rprwlbgdsubu</name>
                </speakers>
                <speakers>
                    <id>3126796</id>
                    <name>rnuqbybdn</name>
                </speakers>
                <status>false</status>
            </channelList>
            <channelList>
                <id>4821602</id>
                <language>kmzddxtrjiurr</language>
                <name>ouccpcxweez</name>
                <speakers>
                    <id>629237</id>
                    <name>yqslpqsnellza</name>
                </speakers>
                <speakers>
                    <id>9324211</id>
                    <name>npfbnzvtdle</name>
                </speakers>
                <speakers>
                    <id>2719716</id>
                    <name>ebtbizzvnlk</name>
                </speakers>
                <speakers>
                    <id>1046109</id>
                    <name>mphofv</name>
                </speakers>
                <speakers>
                    <id>8651636</id>
                    <name>zluoysl</name>
                </speakers>
                <status>false</status>
            </channelList>
            <channelList>
                <id>1638391</id>
                <language>acuojd</language>
                <name>mrethxeodfkpf</name>
                <speakers>
                    <id>777846</id>
                    <name>najjybpgumj</name>
                </speakers>
                <speakers>
                    <id>354701</id>
                    <name>ipowlcxf</name>
                </speakers>
                <speakers>
                    <id>4462695</id>
                    <name>ftluzegwo</name>
                </speakers>
                <speakers>
                    <id>1469813</id>
                    <name>iqniwczof</name>
                </speakers>
                <speakers>
                    <id>6545387</id>
                    <name>hhbrrayktlvf</name>
                </speakers>
                <status>true</status>
            </channelList>
            <channelList>
                <id>5534948</id>
                <language>ioxdewoucyc</language>
                <name>caozkgr</name>
                <speakers>
                    <id>4507775</id>
                    <name>vhpjksq</name>
                </speakers>
                <speakers>
                    <id>4445997</id>
                    <name>fekuvuodcoudz</name>
                </speakers>
                <speakers>
                    <id>5896422</id>
                    <name>ondmebpub</name>
                </speakers>
                <speakers>
                    <id>4667984</id>
                    <name>mltcjukkntip</name>
                </speakers>
                <speakers>
                    <id>3916239</id>
                    <name>nuguihw</name>
                </speakers>
                <status>false</status>
            </channelList>
            <dateEnd>256309</dateEnd>
            <dateStart>6712471</dateStart>
            <name>yhudvnlvdd</name>
            <status>false</status>
        </zoneList>
    </list>
    <list xmlns:xsi="http://www.w3.org/2001/XMLSchema-instance" xsi:type="event">
        <id>169396</id>
        <manager>
            <id>4131315</id>
            <name>vyucayldocwa</name>
        </manager>
        <name>spzualsq</name>
        <zoneList>
            <id>4563260</id>
            <channelList>
                <id>9369247</id>
                <language>mmwvx</language>
                <name>fnkpbsa</name>
                <speakers>
                    <id>6784073</id>
                    <name>qrhajzikgs</name>
                </speakers>
                <speakers>
                    <id>9558706</id>
                    <name>gwiioaizrwgi</name>
                </speakers>
                <speakers>
                    <id>398146</id>
                    <name>lqrvhpz</name>
                </speakers>
                <speakers>
                    <id>5242630</id>
                    <name>eosvtj</name>
                </speakers>
                <speakers>
                    <id>7393651</id>
                    <name>fwopouwwwunwf</name>
                </speakers>
                <status>false</status>
            </channelList>
            <channelList>
                <id>6528627</id>
                <language>xdwqctvmqwd</language>
                <name>pvevxazfharl</name>
                <speakers>
                    <id>6333255</id>
                    <name>jdpgs</name>
                </speakers>
                <speakers>
                    <id>1642860</id>
                    <name>ryyedho</name>
                </speakers>
                <speakers>
                    <id>3787475</id>
                    <name>bqpwmxwbmqwbc</name>
                </speakers>
                <speakers>
                    <id>1805339</id>
                    <name>tjzno</name>
                </speakers>
                <speakers>
                    <id>3641126</id>
                    <name>kiquvpfoigzqo</name>
                </speakers>
                <status>false</status>
            </channelList>
            <channelList>
                <id>9977556</id>
                <language>xroxe</language>
                <name>gkynqmwddmyd</name>
                <speakers>
                    <id>7410706</id>
                    <name>bnyhnwckjzjh</name>
                </speakers>
                <speakers>
                    <id>4977316</id>
                    <name>nbwkjenhokm</name>
                </speakers>
                <speakers>
                    <id>9970731</id>
                    <name>rqgkruoatvylg</name>
                </speakers>
                <speakers>
                    <id>4272688</id>
                    <name>bxmuqsks</name>
                </speakers>
                <speakers>
                    <id>3163142</id>
                    <name>kxuyeogzzcqb</name>
                </speakers>
                <status>false</status>
            </channelList>
            <channelList>
                <id>2615990</id>
                <language>bolugv</language>
                <name>lignsttw</name>
                <speakers>
                    <id>9946772</id>
                    <name>tjzktmzcfflcv</name>
                </speakers>
                <speakers>
                    <id>1385043</id>
                    <name>xrahyhtp</name>
                </speakers>
                <speakers>
                    <id>6228508</id>
                    <name>nfypahcpkjsp</name>
                </speakers>
                <speakers>
                    <id>5310593</id>
                    <name>yhaeey</name>
                </speakers>
                <speakers>
                    <id>9439657</id>
                    <name>ighrhmnyg</name>
                </speakers>
                <status>true</status>
            </channelList>
            <channelList>
                <id>1480359</id>
                <language>gkftigbegn</language>
                <name>donzflyvlkhu</name>
                <speakers>
                    <id>7687625</id>
                    <name>xpnbp</name>
                </speakers>
                <speakers>
                    <id>3550281</id>
                    <name>mfgmvqdw</name>
                </speakers>
                <speakers>
                    <id>688787</id>
                    <name>rknvgdkffj</name>
                </speakers>
                <speakers>
                    <id>5188805</id>
                    <name>ifhzissgx</name>
                </speakers>
                <speakers>
                    <id>2336635</id>
                    <name>bzkkqhovnvz</name>
                </speakers>
                <status>false</status>
            </channelList>
            <dateEnd>5180373</dateEnd>
            <dateStart>6645897</dateStart>
            <name>shzdobjcjtre</name>
            <status>false</status>
        </zoneList>
        <zoneList>
            <id>228073</id>
            <channelList>
                <id>4096791</id>
                <language>puedzixlnu</language>
                <name>rxumh</name>
                <speakers>
                    <id>967060</id>
                    <name>kvvekebtnqbld</name>
                </speakers>
                <speakers>
                    <id>3040504</id>
                    <name>awjywegomfwju</name>
                </speakers>
                <speakers>
                    <id>7571850</id>
                    <name>mzafy</name>
                </speakers>
                <speakers>
                    <id>673324</id>
                    <name>hmdlytiscbdb</name>
                </speakers>
                <speakers>
                    <id>1520898</id>
                    <name>etqhqnnsupec</name>
                </speakers>
                <status>true</status>
            </channelList>
            <channelList>
                <id>5682352</id>
                <language>eqtslyqchs</language>
                <name>ktkoyjhldilg</name>
                <speakers>
                    <id>5969701</id>
                    <name>hecpkqiu</name>
                </speakers>
                <speakers>
                    <id>8703417</id>
                    <name>uehovtkpkapl</name>
                </speakers>
                <speakers>
                    <id>5465620</id>
                    <name>pbvmdjixtrblz</name>
                </speakers>
                <speakers>
                    <id>3461032</id>
                    <name>hdgfcpphwnnh</name>
                </speakers>
                <speakers>
                    <id>786919</id>
                    <name>phwelcwvxomd</name>
                </speakers>
                <status>true</status>
            </channelList>
            <channelList>
                <id>6013713</id>
                <language>tsrgo</language>
                <name>pauwesiunbsp</name>
                <speakers>
                    <id>8208189</id>
                    <name>rqebwszr</name>
                </speakers>
                <speakers>
                    <id>7926413</id>
                    <name>selcgf</name>
                </speakers>
                <speakers>
                    <id>2059242</id>
                    <name>rmexinjgirhuo</name>
                </speakers>
                <speakers>
                    <id>4968960</id>
                    <name>uqcjdnx</name>
                </speakers>
                <speakers>
                    <id>249280</id>
                    <name>xwssj</name>
                </speakers>
                <status>false</status>
            </channelList>
            <channelList>
                <id>5139267</id>
                <language>mdhlmsizfmn</language>
                <name>ewzsce</name>
                <speakers>
                    <id>5733014</id>
                    <name>cyqagse</name>
                </speakers>
                <speakers>
                    <id>1444081</id>
                    <name>hacgz</name>
                </speakers>
                <speakers>
                    <id>1608131</id>
                    <name>oipfjvue</name>
                </speakers>
                <speakers>
                    <id>6431406</id>
                    <name>eggkerbm</name>
                </speakers>
                <speakers>
                    <id>910348</id>
                    <name>ybsunqsd</name>
                </speakers>
                <status>true</status>
            </channelList>
            <channelList>
                <id>7682736</id>
                <language>drqiketqryehq</language>
                <name>qdywaeajggyq</name>
                <speakers>
                    <id>5214421</id>
                    <name>ieouo</name>
                </speakers>
                <speakers>
                    <id>6788475</id>
                    <name>oaedhj</name>
                </speakers>
                <speakers>
                    <id>6389249</id>
                    <name>nnotrarhtq</name>
                </speakers>
                <speakers>
                    <id>4740219</id>
                    <name>zahvndtpt</name>
                </speakers>
                <speakers>
                    <id>5821962</id>
                    <name>qxpgzmvkutswg</name>
                </speakers>
                <status>true</status>
            </channelList>
            <dateEnd>8538446</dateEnd>
            <dateStart>9565600</dateStart>
            <name>vgswnjozeen</name>
            <status>false</status>
        </zoneList>
    </list>
</xmlWrapper>
