<?xml version="1.0" encoding="UTF-8" standalone="yes"?>
<xmlWrapper>
    <list xmlns:xsi="http://www.w3.org/2001/XMLSchema-instance" xsi:type="manager">
        <id>2550606</id>
        <name>qiogsfpijwl</name>
    </list>
    <list xmlns:xsi="http://www.w3.org/2001/XMLSchema-instance" xsi:type="manager">
        <id>9716930</id>
        <name>vcuqglgnzda</name>
    </list>
    <list xmlns:xsi="http://www.w3.org/2001/XMLSchema-instance" xsi:type="manager">
        <id>7774467</id>
        <name>nnmskmjaciuqa</name>
    </list>
    <list xmlns:xsi="http://www.w3.org/2001/XMLSchema-instance" xsi:type="manager">
        <id>1853014</id>
        <name>bhupgslz</name>
    </list>
    <list xmlns:xsi="http://www.w3.org/2001/XMLSchema-instance" xsi:type="manager">
        <id>2456145</id>
        <name>ctjfkiiwy</name>
    </list>
    <list xmlns:xsi="http://www.w3.org/2001/XMLSchema-instance" xsi:type="manager">
        <id>9354610</id>
        <name>pyzojihspnvme</name>
    </list>
    <list xmlns:xsi="http://www.w3.org/2001/XMLSchema-instance" xsi:type="manager">
        <id>1505950</id>
        <name>ewifwxm</name>
    </list>
    <list xmlns:xsi="http://www.w3.org/2001/XMLSchema-instance" xsi:type="manager">
        <id>4101463</id>
        <name>hdorhvyrkhmao</name>
    </list>
    <list xmlns:xsi="http://www.w3.org/2001/XMLSchema-instance" xsi:type="manager">
        <id>3795657</id>
        <name>tjqoroywe</name>
    </list>
    <list xmlns:xsi="http://www.w3.org/2001/XMLSchema-instance" xsi:type="manager">
        <id>9874565</id>
        <name>oqhyysmk</name>
    </list>
</xmlWrapper>
