<XMLWrapper>
   <list class="java.util.ArrayList">
      <object class="ru.sfedu.Sync.models.Manager">
         <id>7179307</id>
         <name>syuavvkjbkr</name>
      </object>
      <object class="ru.sfedu.Sync.models.Manager">
         <id>7974397</id>
         <name>icybzlb</name>
      </object>
      <object class="ru.sfedu.Sync.models.Manager">
         <id>7048580</id>
         <name>ltvowicmxuzj</name>
      </object>
      <object class="ru.sfedu.Sync.models.Manager">
         <id>6474522</id>
         <name>ppcpiwpfn</name>
      </object>
      <object class="ru.sfedu.Sync.models.Manager">
         <id>52649</id>
         <name>cqwfxc</name>
      </object>
      <object class="ru.sfedu.Sync.models.Manager">
         <id>6046400</id>
         <name>mvqbc</name>
      </object>
      <object class="ru.sfedu.Sync.models.Manager">
         <id>6447945</id>
         <name>yqleugozl</name>
      </object>
      <object class="ru.sfedu.Sync.models.Manager">
         <id>5542809</id>
         <name>vsquky</name>
      </object>
      <object class="ru.sfedu.Sync.models.Manager">
         <id>4552020</id>
         <name>xgvdgfls</name>
      </object>
      <object class="ru.sfedu.Sync.models.Manager">
         <id>4798340</id>
         <name>dpiioufkgdg</name>
      </object>
   </list>
</XMLWrapper>