<?xml version="1.0" encoding="UTF-8" standalone="yes"?>
<xmlWrapper>
    <list xmlns:xsi="http://www.w3.org/2001/XMLSchema-instance" xsi:type="zone">
        <id>1441109</id>
        <channelList>
            <id>6873958</id>
            <language>cwwlrgd</language>
            <name>vqzkgrrwp</name>
            <speakers>
                <id>5659770</id>
                <name>ggjvamohmdezg</name>
            </speakers>
            <speakers>
                <id>9056351</id>
                <name>sovyoimydn</name>
            </speakers>
            <speakers>
                <id>1370984</id>
                <name>fdzesraiifc</name>
            </speakers>
            <speakers>
                <id>7938923</id>
                <name>blchzfqglcatv</name>
            </speakers>
            <speakers>
                <id>9380760</id>
                <name>tsechd</name>
            </speakers>
            <status>false</status>
        </channelList>
        <channelList>
            <id>8862589</id>
            <language>xxdoj</language>
            <name>hwxme</name>
            <speakers>
                <id>9378668</id>
                <name>rnaqyaa</name>
            </speakers>
            <speakers>
                <id>8263338</id>
                <name>fdngf</name>
            </speakers>
            <speakers>
                <id>1183208</id>
                <name>tkxhzxnvculd</name>
            </speakers>
            <speakers>
                <id>798855</id>
                <name>csqgwtevv</name>
            </speakers>
            <speakers>
                <id>6631031</id>
                <name>iomekq</name>
            </speakers>
            <status>true</status>
        </channelList>
        <dateEnd>6234309</dateEnd>
        <dateStart>9856442</dateStart>
        <name>clzjp</name>
        <status>true</status>
    </list>
    <list xmlns:xsi="http://www.w3.org/2001/XMLSchema-instance" xsi:type="zone">
        <id>1075159</id>
        <channelList>
            <id>5250487</id>
            <language>udkmjg</language>
            <name>zgizurdrisjry</name>
            <speakers>
                <id>2995795</id>
                <name>avvmd</name>
            </speakers>
            <speakers>
                <id>9186248</id>
                <name>rqxsoxguovzgl</name>
            </speakers>
            <speakers>
                <id>7947412</id>
                <name>sfnpi</name>
            </speakers>
            <speakers>
                <id>5729103</id>
                <name>ljrypxqhj</name>
            </speakers>
            <speakers>
                <id>6152661</id>
                <name>fpebrr</name>
            </speakers>
            <status>false</status>
        </channelList>
        <channelList>
            <id>43676</id>
            <language>afiml</language>
            <name>qympoa</name>
            <speakers>
                <id>3070540</id>
                <name>mpqrwshdpkf</name>
            </speakers>
            <speakers>
                <id>3895487</id>
                <name>dsnwypo</name>
            </speakers>
            <speakers>
                <id>8747294</id>
                <name>jsziwfh</name>
            </speakers>
            <speakers>
                <id>6129466</id>
                <name>ljyumgo</name>
            </speakers>
            <speakers>
                <id>9660982</id>
                <name>ftyiu</name>
            </speakers>
            <status>true</status>
        </channelList>
        <dateEnd>6600630</dateEnd>
        <dateStart>7905207</dateStart>
        <name>tinbmt</name>
        <status>false</status>
    </list>
    <list xmlns:xsi="http://www.w3.org/2001/XMLSchema-instance" xsi:type="zone">
        <id>3458052</id>
        <channelList>
            <id>4576212</id>
            <language>lrfxuj</language>
            <name>lylludsmha</name>
            <speakers>
                <id>9686640</id>
                <name>wxroinq</name>
            </speakers>
            <speakers>
                <id>2470208</id>
                <name>tbhcoh</name>
            </speakers>
            <speakers>
                <id>1921600</id>
                <name>xkopwx</name>
            </speakers>
            <speakers>
                <id>7467693</id>
                <name>dmdnwxppqdz</name>
            </speakers>
            <speakers>
                <id>4663906</id>
                <name>wehfqali</name>
            </speakers>
            <status>true</status>
        </channelList>
        <channelList>
            <id>6107228</id>
            <language>qztygqvilbgz</language>
            <name>lwephlqchx</name>
            <speakers>
                <id>571146</id>
                <name>rzwexaxuyutk</name>
            </speakers>
            <speakers>
                <id>5639290</id>
                <name>fglghwkn</name>
            </speakers>
            <speakers>
                <id>3496825</id>
                <name>hrnuoaid</name>
            </speakers>
            <speakers>
                <id>3463837</id>
                <name>wmcwodge</name>
            </speakers>
            <speakers>
                <id>5011823</id>
                <name>syslzvaa</name>
            </speakers>
            <status>false</status>
        </channelList>
        <dateEnd>579576</dateEnd>
        <dateStart>8678932</dateStart>
        <name>kannb</name>
        <status>false</status>
    </list>
    <list xmlns:xsi="http://www.w3.org/2001/XMLSchema-instance" xsi:type="zone">
        <id>3615876</id>
        <channelList>
            <id>6296463</id>
            <language>fdlyh</language>
            <name>npdxlddaqja</name>
            <speakers>
                <id>1824051</id>
                <name>obrrsvutzrb</name>
            </speakers>
            <speakers>
                <id>3604308</id>
                <name>vkspfeau</name>
            </speakers>
            <speakers>
                <id>9753961</id>
                <name>ksiou</name>
            </speakers>
            <speakers>
                <id>1935025</id>
                <name>edqexuwicibra</name>
            </speakers>
            <speakers>
                <id>452972</id>
                <name>rxqgajp</name>
            </speakers>
            <status>true</status>
        </channelList>
        <channelList>
            <id>8055153</id>
            <language>bivamqzww</language>
            <name>ouilhisr</name>
            <speakers>
                <id>8064678</id>
                <name>zjogar</name>
            </speakers>
            <speakers>
                <id>5040425</id>
                <name>ndjcbipht</name>
            </speakers>
            <speakers>
                <id>8934562</id>
                <name>oftptuzxr</name>
            </speakers>
            <speakers>
                <id>9758866</id>
                <name>zfwhd</name>
            </speakers>
            <speakers>
                <id>1754513</id>
                <name>fgbcsdscdoavs</name>
            </speakers>
            <status>true</status>
        </channelList>
        <dateEnd>3279040</dateEnd>
        <dateStart>5117491</dateStart>
        <name>sgxynjybl</name>
        <status>true</status>
    </list>
    <list xmlns:xsi="http://www.w3.org/2001/XMLSchema-instance" xsi:type="zone">
        <id>4412550</id>
        <channelList>
            <id>5971826</id>
            <language>bozhyzj</language>
            <name>jdliozndjbj</name>
            <speakers>
                <id>1147789</id>
                <name>pgxbyqxbctgql</name>
            </speakers>
            <speakers>
                <id>6663436</id>
                <name>ernqetch</name>
            </speakers>
            <speakers>
                <id>9317961</id>
                <name>dnprfmiwzegy</name>
            </speakers>
            <speakers>
                <id>983768</id>
                <name>itdja</name>
            </speakers>
            <speakers>
                <id>1528827</id>
                <name>kfdkghpe</name>
            </speakers>
            <status>true</status>
        </channelList>
        <channelList>
            <id>3207331</id>
            <language>fdgcshj</language>
            <name>hrrifd</name>
            <speakers>
                <id>1744143</id>
                <name>vdfythxinqmq</name>
            </speakers>
            <speakers>
                <id>415765</id>
                <name>tmfegjazzbnt</name>
            </speakers>
            <speakers>
                <id>3564282</id>
                <name>dhawmfg</name>
            </speakers>
            <speakers>
                <id>3197813</id>
                <name>kfjrexpojqniv</name>
            </speakers>
            <speakers>
                <id>6153392</id>
                <name>iyvnhid</name>
            </speakers>
            <status>false</status>
        </channelList>
        <dateEnd>1333146</dateEnd>
        <dateStart>5694825</dateStart>
        <name>soizrqsmfd</name>
        <status>true</status>
    </list>
    <list xmlns:xsi="http://www.w3.org/2001/XMLSchema-instance" xsi:type="zone">
        <id>5606681</id>
        <channelList>
            <id>5247742</id>
            <language>njxengxgdcxl</language>
            <name>paikrehh</name>
            <speakers>
                <id>3207905</id>
                <name>psqqrdaxf</name>
            </speakers>
            <speakers>
                <id>3432093</id>
                <name>ycugiu</name>
            </speakers>
            <speakers>
                <id>7144726</id>
                <name>mzhoqfw</name>
            </speakers>
            <speakers>
                <id>9785446</id>
                <name>mtjxk</name>
            </speakers>
            <speakers>
                <id>1996672</id>
                <name>vsrsw</name>
            </speakers>
            <status>false</status>
        </channelList>
        <channelList>
            <id>1781272</id>
            <language>zdstvue</language>
            <name>dwzgkddlnnc</name>
            <speakers>
                <id>7115666</id>
                <name>vfgzlplkyh</name>
            </speakers>
            <speakers>
                <id>6221238</id>
                <name>ijjgx</name>
            </speakers>
            <speakers>
                <id>346610</id>
                <name>kfrpy</name>
            </speakers>
            <speakers>
                <id>982050</id>
                <name>irudkhvkhhcbs</name>
            </speakers>
            <speakers>
                <id>2496700</id>
                <name>ddunsmlu</name>
            </speakers>
            <status>false</status>
        </channelList>
        <dateEnd>5421664</dateEnd>
        <dateStart>8215083</dateStart>
        <name>lcvsiwiszyx</name>
        <status>false</status>
    </list>
    <list xmlns:xsi="http://www.w3.org/2001/XMLSchema-instance" xsi:type="zone">
        <id>711558</id>
        <channelList>
            <id>466167</id>
            <language>ukfzghqqcyip</language>
            <name>qpfftf</name>
            <speakers>
                <id>2396660</id>
                <name>mncspnqvn</name>
            </speakers>
            <speakers>
                <id>8567552</id>
                <name>utxeuxbphldze</name>
            </speakers>
            <speakers>
                <id>4009811</id>
                <name>cqfgmljoj</name>
            </speakers>
            <speakers>
                <id>200974</id>
                <name>qslhpgonwqpr</name>
            </speakers>
            <speakers>
                <id>6173667</id>
                <name>haadnyizdocrb</name>
            </speakers>
            <status>false</status>
        </channelList>
        <channelList>
            <id>2943041</id>
            <language>pgzgjxui</language>
            <name>rrvxvettpmwka</name>
            <speakers>
                <id>2007733</id>
                <name>ozupixpmg</name>
            </speakers>
            <speakers>
                <id>6555309</id>
                <name>jvnbhfkz</name>
            </speakers>
            <speakers>
                <id>175836</id>
                <name>wlndvafp</name>
            </speakers>
            <speakers>
                <id>2718952</id>
                <name>dowkwgskjcj</name>
            </speakers>
            <speakers>
                <id>8562141</id>
                <name>uiuzfeno</name>
            </speakers>
            <status>true</status>
        </channelList>
        <dateEnd>4118972</dateEnd>
        <dateStart>6594865</dateStart>
        <name>sltphalydvunn</name>
        <status>false</status>
    </list>
    <list xmlns:xsi="http://www.w3.org/2001/XMLSchema-instance" xsi:type="zone">
        <id>8226109</id>
        <channelList>
            <id>6112585</id>
            <language>jgvjtcmxiokv</language>
            <name>yhifwpod</name>
            <speakers>
                <id>4916501</id>
                <name>qbvqzreurq</name>
            </speakers>
            <speakers>
                <id>7887298</id>
                <name>yxyippzqrog</name>
            </speakers>
            <speakers>
                <id>6950957</id>
                <name>waysvqr</name>
            </speakers>
            <speakers>
                <id>2186062</id>
                <name>msluiiyhmdn</name>
            </speakers>
            <speakers>
                <id>9371703</id>
                <name>ygsuypiogqo</name>
            </speakers>
            <status>false</status>
        </channelList>
        <channelList>
            <id>5658519</id>
            <language>ozecypjkhwhab</language>
            <name>zprfijkdu</name>
            <speakers>
                <id>1216726</id>
                <name>thrvrfqyxuwyl</name>
            </speakers>
            <speakers>
                <id>7865168</id>
                <name>gmnkmlecn</name>
            </speakers>
            <speakers>
                <id>870237</id>
                <name>hwwbdd</name>
            </speakers>
            <speakers>
                <id>8321887</id>
                <name>sdewznxzs</name>
            </speakers>
            <speakers>
                <id>3167510</id>
                <name>tooisruwwlakf</name>
            </speakers>
            <status>true</status>
        </channelList>
        <dateEnd>9829064</dateEnd>
        <dateStart>3409437</dateStart>
        <name>xykwvsz</name>
        <status>true</status>
    </list>
    <list xmlns:xsi="http://www.w3.org/2001/XMLSchema-instance" xsi:type="zone">
        <id>8655627</id>
        <channelList>
            <id>312473</id>
            <language>iilyszifcf</language>
            <name>okuaihljs</name>
            <speakers>
                <id>5141364</id>
                <name>earvfacu</name>
            </speakers>
            <speakers>
                <id>3048233</id>
                <name>ocrbkvooyikd</name>
            </speakers>
            <speakers>
                <id>7820</id>
                <name>ikryezo</name>
            </speakers>
            <speakers>
                <id>4991932</id>
                <name>pdspufli</name>
            </speakers>
            <speakers>
                <id>7180369</id>
                <name>vjdxvq</name>
            </speakers>
            <status>true</status>
        </channelList>
        <channelList>
            <id>8311636</id>
            <language>zjaubcwt</language>
            <name>phmeplap</name>
            <speakers>
                <id>8989732</id>
                <name>reunivxkmvt</name>
            </speakers>
            <speakers>
                <id>6835314</id>
                <name>vhybkk</name>
            </speakers>
            <speakers>
                <id>1900217</id>
                <name>tomsnehgi</name>
            </speakers>
            <speakers>
                <id>8864700</id>
                <name>bplszv</name>
            </speakers>
            <speakers>
                <id>9243146</id>
                <name>vqgyqial</name>
            </speakers>
            <status>false</status>
        </channelList>
        <dateEnd>7984881</dateEnd>
        <dateStart>8013806</dateStart>
        <name>heeytetj</name>
        <status>true</status>
    </list>
    <list xmlns:xsi="http://www.w3.org/2001/XMLSchema-instance" xsi:type="zone">
        <id>5239858</id>
        <channelList>
            <id>6924268</id>
            <language>jytqevvtabmk</language>
            <name>vpauoaj</name>
            <speakers>
                <id>4868358</id>
                <name>fnuqvw</name>
            </speakers>
            <speakers>
                <id>7652848</id>
                <name>zkiwufgbghv</name>
            </speakers>
            <speakers>
                <id>5766637</id>
                <name>fjdznnwfubxb</name>
            </speakers>
            <speakers>
                <id>7866191</id>
                <name>qbcjgaqaneump</name>
            </speakers>
            <speakers>
                <id>3536917</id>
                <name>ylcbtfkrkgmvt</name>
            </speakers>
            <status>false</status>
        </channelList>
        <channelList>
            <id>6809172</id>
            <language>msjehraa</language>
            <name>oamyipvevm</name>
            <speakers>
                <id>6021638</id>
                <name>itmnkiofqvhlv</name>
            </speakers>
            <speakers>
                <id>8778627</id>
                <name>spbxtckrrqzoy</name>
            </speakers>
            <speakers>
                <id>6197</id>
                <name>ilwvnpgpv</name>
            </speakers>
            <speakers>
                <id>8568866</id>
                <name>ugohkgyyeeism</name>
            </speakers>
            <speakers>
                <id>3112538</id>
                <name>joociv</name>
            </speakers>
            <status>false</status>
        </channelList>
        <dateEnd>3985901</dateEnd>
        <dateStart>1120165</dateStart>
        <name>rcoij</name>
        <status>true</status>
    </list>
</xmlWrapper>
