<XMLWrapper>
   <list class="java.util.ArrayList">
      <object class="ru.sfedu.Sync.models.Zone">
         <id>744664</id>
         <name>rikvlztewz</name>
         <dateStart>9973870</dateStart>
         <dateEnd>6774560</dateEnd>
         <channelList class="java.util.ArrayList">
            <channel>
               <id>7705341</id>
               <name>okcwgz</name>
               <language>xozmrx</language>
               <status>true</status>
               <speakers class="java.util.ArrayList">
                  <speaker>
                     <id>2111356</id>
                     <name>hzsfotlqug</name>
                  </speaker>
                  <speaker>
                     <id>5620250</id>
                     <name>xoyqavrupvo</name>
                  </speaker>
                  <speaker>
                     <id>9841013</id>
                     <name>uslwby</name>
                  </speaker>
                  <speaker>
                     <id>8970868</id>
                     <name>ijrorjc</name>
                  </speaker>
                  <speaker>
                     <id>9581356</id>
                     <name>vldaa</name>
                  </speaker>
               </speakers>
            </channel>
            <channel>
               <id>1325125</id>
               <name>zyvazcaiosb</name>
               <language>ekzgleshu</language>
               <status>true</status>
               <speakers class="java.util.ArrayList">
                  <speaker>
                     <id>6997495</id>
                     <name>xvjcgyjabkmuq</name>
                  </speaker>
                  <speaker>
                     <id>7704979</id>
                     <name>muyhljvd</name>
                  </speaker>
                  <speaker>
                     <id>8344043</id>
                     <name>musme</name>
                  </speaker>
                  <speaker>
                     <id>6738025</id>
                     <name>lxmsdqoixrz</name>
                  </speaker>
                  <speaker>
                     <id>4718129</id>
                     <name>yugwatcjremhi</name>
                  </speaker>
               </speakers>
            </channel>
         </channelList>
         <status>true</status>
      </object>
      <object class="ru.sfedu.Sync.models.Zone">
         <id>5068494</id>
         <name>hlocjqiojkgvg</name>
         <dateStart>781412</dateStart>
         <dateEnd>4881362</dateEnd>
         <channelList class="java.util.ArrayList">
            <channel>
               <id>7138097</id>
               <name>mlainjja</name>
               <language>rsnintgnqgmxu</language>
               <status>false</status>
               <speakers class="java.util.ArrayList">
                  <speaker>
                     <id>3393175</id>
                     <name>lgeyw</name>
                  </speaker>
                  <speaker>
                     <id>2835371</id>
                     <name>yjpdilpkdmfjj</name>
                  </speaker>
                  <speaker>
                     <id>6550586</id>
                     <name>kgkoyhs</name>
                  </speaker>
                  <speaker>
                     <id>4253496</id>
                     <name>ioaehr</name>
                  </speaker>
                  <speaker>
                     <id>5972603</id>
                     <name>oqvkalomqv</name>
                  </speaker>
               </speakers>
            </channel>
            <channel>
               <id>3782512</id>
               <name>wvgyrpsyqiov</name>
               <language>tvitgsdfwozyu</language>
               <status>true</status>
               <speakers class="java.util.ArrayList">
                  <speaker>
                     <id>3375055</id>
                     <name>nqjokwimxae</name>
                  </speaker>
                  <speaker>
                     <id>9268512</id>
                     <name>hdyadx</name>
                  </speaker>
                  <speaker>
                     <id>1063007</id>
                     <name>gurjhwlfk</name>
                  </speaker>
                  <speaker>
                     <id>603224</id>
                     <name>kwpxeiiz</name>
                  </speaker>
                  <speaker>
                     <id>6075178</id>
                     <name>ubngvrplqfonb</name>
                  </speaker>
               </speakers>
            </channel>
         </channelList>
         <status>true</status>
      </object>
      <object class="ru.sfedu.Sync.models.Zone">
         <id>6345825</id>
         <name>oqdmpwmfg</name>
         <dateStart>7896621</dateStart>
         <dateEnd>2055142</dateEnd>
         <channelList class="java.util.ArrayList">
            <channel>
               <id>4672969</id>
               <name>amqexpjgcy</name>
               <language>btbdaxh</language>
               <status>false</status>
               <speakers class="java.util.ArrayList">
                  <speaker>
                     <id>9076253</id>
                     <name>xjptlf</name>
                  </speaker>
                  <speaker>
                     <id>3278072</id>
                     <name>ljcez</name>
                  </speaker>
                  <speaker>
                     <id>6852175</id>
                     <name>yghiasw</name>
                  </speaker>
                  <speaker>
                     <id>2062008</id>
                     <name>egsgzbjfhuol</name>
                  </speaker>
                  <speaker>
                     <id>1539627</id>
                     <name>jovoybyn</name>
                  </speaker>
               </speakers>
            </channel>
            <channel>
               <id>3630954</id>
               <name>xykovibi</name>
               <language>uvzsmiqjogvfo</language>
               <status>false</status>
               <speakers class="java.util.ArrayList">
                  <speaker>
                     <id>7608570</id>
                     <name>yolznx</name>
                  </speaker>
                  <speaker>
                     <id>6264800</id>
                     <name>mlsps</name>
                  </speaker>
                  <speaker>
                     <id>7450532</id>
                     <name>ywylp</name>
                  </speaker>
                  <speaker>
                     <id>2797733</id>
                     <name>kvebwlteila</name>
                  </speaker>
                  <speaker>
                     <id>6458205</id>
                     <name>bbzyi</name>
                  </speaker>
               </speakers>
            </channel>
         </channelList>
         <status>false</status>
      </object>
      <object class="ru.sfedu.Sync.models.Zone">
         <id>2496440</id>
         <name>kpndkxx</name>
         <dateStart>8598008</dateStart>
         <dateEnd>6813157</dateEnd>
         <channelList class="java.util.ArrayList">
            <channel>
               <id>4484604</id>
               <name>xtebzdqz</name>
               <language>lunrk</language>
               <status>false</status>
               <speakers class="java.util.ArrayList">
                  <speaker>
                     <id>6077163</id>
                     <name>stqcmbdwjrm</name>
                  </speaker>
                  <speaker>
                     <id>8911899</id>
                     <name>uyyvde</name>
                  </speaker>
                  <speaker>
                     <id>646590</id>
                     <name>zxfqfly</name>
                  </speaker>
                  <speaker>
                     <id>9312930</id>
                     <name>sibskzgxorw</name>
                  </speaker>
                  <speaker>
                     <id>1068519</id>
                     <name>eoojdkrb</name>
                  </speaker>
               </speakers>
            </channel>
            <channel>
               <id>2799744</id>
               <name>ydgyvinmecqry</name>
               <language>wtaycgwtqwuao</language>
               <status>true</status>
               <speakers class="java.util.ArrayList">
                  <speaker>
                     <id>5601473</id>
                     <name>vwrkserhkrr</name>
                  </speaker>
                  <speaker>
                     <id>2302357</id>
                     <name>twvhz</name>
                  </speaker>
                  <speaker>
                     <id>8392609</id>
                     <name>clpkq</name>
                  </speaker>
                  <speaker>
                     <id>5614424</id>
                     <name>mucbjldiu</name>
                  </speaker>
                  <speaker>
                     <id>9435350</id>
                     <name>abpkv</name>
                  </speaker>
               </speakers>
            </channel>
         </channelList>
         <status>false</status>
      </object>
      <object class="ru.sfedu.Sync.models.Zone">
         <id>1782616</id>
         <name>kscpvv</name>
         <dateStart>9967390</dateStart>
         <dateEnd>7379977</dateEnd>
         <channelList class="java.util.ArrayList">
            <channel>
               <id>97523</id>
               <name>erffrvztczql</name>
               <language>aoqbgyqbae</language>
               <status>false</status>
               <speakers class="java.util.ArrayList">
                  <speaker>
                     <id>8297462</id>
                     <name>egrjuiekc</name>
                  </speaker>
                  <speaker>
                     <id>5508852</id>
                     <name>awceyyzfnzmm</name>
                  </speaker>
                  <speaker>
                     <id>7303547</id>
                     <name>zddzkvbdbshn</name>
                  </speaker>
                  <speaker>
                     <id>2614626</id>
                     <name>fhmzkjtdyi</name>
                  </speaker>
                  <speaker>
                     <id>3112879</id>
                     <name>kfipyrfo</name>
                  </speaker>
               </speakers>
            </channel>
            <channel>
               <id>6662678</id>
               <name>egkehdhx</name>
               <language>phsnp</language>
               <status>false</status>
               <speakers class="java.util.ArrayList">
                  <speaker>
                     <id>3062943</id>
                     <name>nryzceafka</name>
                  </speaker>
                  <speaker>
                     <id>6519034</id>
                     <name>kcgehiziafzm</name>
                  </speaker>
                  <speaker>
                     <id>9770878</id>
                     <name>zkibfbhhngola</name>
                  </speaker>
                  <speaker>
                     <id>3227005</id>
                     <name>onqifvxghwpk</name>
                  </speaker>
                  <speaker>
                     <id>7568330</id>
                     <name>doqmaxumpumz</name>
                  </speaker>
               </speakers>
            </channel>
         </channelList>
         <status>true</status>
      </object>
      <object class="ru.sfedu.Sync.models.Zone">
         <id>1906272</id>
         <name>oxdjflefgk</name>
         <dateStart>9317612</dateStart>
         <dateEnd>4535162</dateEnd>
         <channelList class="java.util.ArrayList">
            <channel>
               <id>4943758</id>
               <name>ziogtvqz</name>
               <language>igydrkumbi</language>
               <status>true</status>
               <speakers class="java.util.ArrayList">
                  <speaker>
                     <id>1779944</id>
                     <name>jeietyofjzkz</name>
                  </speaker>
                  <speaker>
                     <id>7204301</id>
                     <name>nbbjechdbpjk</name>
                  </speaker>
                  <speaker>
                     <id>4769158</id>
                     <name>yuefrmggkfxj</name>
                  </speaker>
                  <speaker>
                     <id>5532672</id>
                     <name>omcyv</name>
                  </speaker>
                  <speaker>
                     <id>7296001</id>
                     <name>bfzbwquqb</name>
                  </speaker>
               </speakers>
            </channel>
            <channel>
               <id>3014638</id>
               <name>deqwhixrxoq</name>
               <language>lvpkr</language>
               <status>true</status>
               <speakers class="java.util.ArrayList">
                  <speaker>
                     <id>4215110</id>
                     <name>coxsafbqawd</name>
                  </speaker>
                  <speaker>
                     <id>6266533</id>
                     <name>wamuqog</name>
                  </speaker>
                  <speaker>
                     <id>7651104</id>
                     <name>ywanufkdlc</name>
                  </speaker>
                  <speaker>
                     <id>9964531</id>
                     <name>vivemka</name>
                  </speaker>
                  <speaker>
                     <id>2420333</id>
                     <name>fhyhfffjjw</name>
                  </speaker>
               </speakers>
            </channel>
         </channelList>
         <status>true</status>
      </object>
      <object class="ru.sfedu.Sync.models.Zone">
         <id>7290742</id>
         <name>bnkrpwdxifwm</name>
         <dateStart>2715181</dateStart>
         <dateEnd>8189920</dateEnd>
         <channelList class="java.util.ArrayList">
            <channel>
               <id>7200509</id>
               <name>krrmvzwyewt</name>
               <language>ntmghkivwu</language>
               <status>false</status>
               <speakers class="java.util.ArrayList">
                  <speaker>
                     <id>3024445</id>
                     <name>uwnenkysbmmcd</name>
                  </speaker>
                  <speaker>
                     <id>528711</id>
                     <name>ubarij</name>
                  </speaker>
                  <speaker>
                     <id>8357242</id>
                     <name>grjdbrc</name>
                  </speaker>
                  <speaker>
                     <id>512929</id>
                     <name>xjobjcsohravd</name>
                  </speaker>
                  <speaker>
                     <id>7026020</id>
                     <name>wuprlruiccv</name>
                  </speaker>
               </speakers>
            </channel>
            <channel>
               <id>7691544</id>
               <name>murrxcbhyevbv</name>
               <language>rzodalq</language>
               <status>false</status>
               <speakers class="java.util.ArrayList">
                  <speaker>
                     <id>3005231</id>
                     <name>fppitzfdazm</name>
                  </speaker>
                  <speaker>
                     <id>5543623</id>
                     <name>gmjtddtosg</name>
                  </speaker>
                  <speaker>
                     <id>9277500</id>
                     <name>udvamsg</name>
                  </speaker>
                  <speaker>
                     <id>6446815</id>
                     <name>mjdmgbnfafosz</name>
                  </speaker>
                  <speaker>
                     <id>3576991</id>
                     <name>efmmbha</name>
                  </speaker>
               </speakers>
            </channel>
         </channelList>
         <status>true</status>
      </object>
      <object class="ru.sfedu.Sync.models.Zone">
         <id>7706099</id>
         <name>euystvpkw</name>
         <dateStart>4449207</dateStart>
         <dateEnd>7047397</dateEnd>
         <channelList class="java.util.ArrayList">
            <channel>
               <id>3407115</id>
               <name>iotwizc</name>
               <language>bzuhapr</language>
               <status>false</status>
               <speakers class="java.util.ArrayList">
                  <speaker>
                     <id>9978081</id>
                     <name>fdputyv</name>
                  </speaker>
                  <speaker>
                     <id>1771064</id>
                     <name>wfhelk</name>
                  </speaker>
                  <speaker>
                     <id>3190738</id>
                     <name>fykkpdaomwcb</name>
                  </speaker>
                  <speaker>
                     <id>4350511</id>
                     <name>ccreuswkp</name>
                  </speaker>
                  <speaker>
                     <id>3213037</id>
                     <name>ryxmpbdhjrqw</name>
                  </speaker>
               </speakers>
            </channel>
            <channel>
               <id>4466645</id>
               <name>rbqqrziws</name>
               <language>thgplq</language>
               <status>true</status>
               <speakers class="java.util.ArrayList">
                  <speaker>
                     <id>4271660</id>
                     <name>lfqdabghft</name>
                  </speaker>
                  <speaker>
                     <id>9571101</id>
                     <name>ksumdkknp</name>
                  </speaker>
                  <speaker>
                     <id>4631887</id>
                     <name>uypfc</name>
                  </speaker>
                  <speaker>
                     <id>327710</id>
                     <name>dtclpwjswih</name>
                  </speaker>
                  <speaker>
                     <id>718708</id>
                     <name>khyagnd</name>
                  </speaker>
               </speakers>
            </channel>
         </channelList>
         <status>true</status>
      </object>
      <object class="ru.sfedu.Sync.models.Zone">
         <id>3358248</id>
         <name>lzgkrcgh</name>
         <dateStart>741604</dateStart>
         <dateEnd>7495322</dateEnd>
         <channelList class="java.util.ArrayList">
            <channel>
               <id>9421828</id>
               <name>qptxsupvaoxd</name>
               <language>jlpob</language>
               <status>true</status>
               <speakers class="java.util.ArrayList">
                  <speaker>
                     <id>4148711</id>
                     <name>jyhfjlr</name>
                  </speaker>
                  <speaker>
                     <id>2140490</id>
                     <name>sezgdwtdkgasp</name>
                  </speaker>
                  <speaker>
                     <id>1900116</id>
                     <name>lwezckwfm</name>
                  </speaker>
                  <speaker>
                     <id>3433224</id>
                     <name>srixemajj</name>
                  </speaker>
                  <speaker>
                     <id>6516447</id>
                     <name>hyspxkgjk</name>
                  </speaker>
               </speakers>
            </channel>
            <channel>
               <id>9986179</id>
               <name>ydqvrutcwjf</name>
               <language>qvknvzxmd</language>
               <status>false</status>
               <speakers class="java.util.ArrayList">
                  <speaker>
                     <id>9670712</id>
                     <name>raulgrgm</name>
                  </speaker>
                  <speaker>
                     <id>2909348</id>
                     <name>heixhwdmpwdk</name>
                  </speaker>
                  <speaker>
                     <id>121589</id>
                     <name>lytpbrccm</name>
                  </speaker>
                  <speaker>
                     <id>8892960</id>
                     <name>ozgfeiasa</name>
                  </speaker>
                  <speaker>
                     <id>1496856</id>
                     <name>uxdjx</name>
                  </speaker>
               </speakers>
            </channel>
         </channelList>
         <status>true</status>
      </object>
      <object class="ru.sfedu.Sync.models.Zone">
         <id>8157889</id>
         <name>kjiroeupglunr</name>
         <dateStart>6772645</dateStart>
         <dateEnd>6477126</dateEnd>
         <channelList class="java.util.ArrayList">
            <channel>
               <id>9328008</id>
               <name>glyxeaglc</name>
               <language>jectmbdugns</language>
               <status>true</status>
               <speakers class="java.util.ArrayList">
                  <speaker>
                     <id>5671150</id>
                     <name>qyvganad</name>
                  </speaker>
                  <speaker>
                     <id>9088948</id>
                     <name>mbzcugcszgte</name>
                  </speaker>
                  <speaker>
                     <id>5910929</id>
                     <name>wzcqr</name>
                  </speaker>
                  <speaker>
                     <id>8475802</id>
                     <name>ztvhmag</name>
                  </speaker>
                  <speaker>
                     <id>4644205</id>
                     <name>aazma</name>
                  </speaker>
               </speakers>
            </channel>
            <channel>
               <id>8071847</id>
               <name>ioararlbyn</name>
               <language>spyzormfuu</language>
               <status>false</status>
               <speakers class="java.util.ArrayList">
                  <speaker>
                     <id>3500671</id>
                     <name>iwwqycdrk</name>
                  </speaker>
                  <speaker>
                     <id>4470296</id>
                     <name>lrayvtrsjh</name>
                  </speaker>
                  <speaker>
                     <id>1720930</id>
                     <name>twwrmhcocv</name>
                  </speaker>
                  <speaker>
                     <id>3933745</id>
                     <name>erqctojg</name>
                  </speaker>
                  <speaker>
                     <id>7978724</id>
                     <name>vgpqklps</name>
                  </speaker>
               </speakers>
            </channel>
         </channelList>
         <status>true</status>
      </object>
   </list>
</XMLWrapper>