ID,LANGUAGE,NAME,SPEAKERS,STATUS
1242833,fewxipgfysmai,vjikg,4559920@qfqhutnkpb#6136109@actsvz,true
1621577,raebowgqyvipm,yfejerltikq,363616@ycbxd#2675531@ggudniansqusz,false
8562991,txrmtqvhc,rgrdxxsw,4510369@azlfpxvupdyfh#7075151@flttxstfumx,true
6213561,fsesveeyfowq,zeqexwgwiwyat,9207102@nnupzbdbt#9448386@oyxztxhswxyh,true
3644271,rvhvgn,krncroo,443706@fhdwco#7774974@egzyuczquhb,true
7397284,fumxvg,itixjmc,7659367@cnaikpibt#3243401@qnyqohasis,false
3015427,tnwvahkvxd,bcfgkosoa,2422215@nbrsc#827084@elfjxe,true
1887617,saexi,yssecnya,6758848@mxsasswydzdbq#1053042@ushkdfswdmhnf,false
4450341,nwfvejbl,wesgsoezb,1582269@wgxpi#9651721@fssnhfdao,true
329644,toozfbdid,hfbmuindtv,3832360@cbrbqsmo#7320216@tosckmy,false
