ID,MANAGER,NAME,ZONELIST
403814,9088914::haloqnfmjpp,ezjkhfikpq,6536445~prdza~2419445~9403056~4922552`iioyikx`lbwadr`false`6076712@mdnqovkpuh#1128855@gbknrizrinwu#5695773@xqvmmmw#3185762@szjvvbyne#6170133@yjtza&8376797`zzivcrdl`suyezdpdpc`false`9732032@ywlhrjid#2587136@immsjilj#5519041@gzonmjt#8571094@hrvyq#2903319@xhethznpgv&6229422`qnryq`odjxgfcwqiiq`true`9613151@fqmtwaff#4455138@xseizvm#1737736@gjfvk#9815757@ixofbq#2296737@crrgmwrjm&4597246`ahamqzxjp`nxgwbfwphxx`false`6239160@nbeybeh#8583019@usvajaspsltl#6479063@traaxvh#6503781@ckhseschg#8601757@rzzhqfralexvm&8213008`qetfjspvyms`oimoas`true`8115017@ehqhvgcypb#1410552@hwoyubdcuo#1578290@tgsdwibznipi#4384055@tnwdgg#4617233@zilziogwvquw~false_4126159~eqote~1832020~1245026~4453742`pjnnhgsi`asniyfasxrix`true`1931766@xpzofakupcx#5806295@qcbycq#3472470@ebnreffbijw#1283308@sooteum#6146456@avklyvgodztn&5163184`psesmzjwmm`cqaqqp`true`3762134@fvxgzzhzfqsl#3939131@tqvviwvzfy#1667565@dwqisqnmwht#619813@dbbveydzrfjb#1281234@cvhfxhotjjufe&6218988`rkczzrlsaa`ipoztktr`true`9384750@rlkrkjhxd#9043748@xffyzx#2982498@tgmmdhhh#8446430@qxajoajl#8190488@heqdyt&9150554`obizv`zigmvvlcnep`true`9549304@vewjqvr#89935@jjlnny#4359127@yuwqvah#9385187@qqxfvkyswnx#769491@rssnowakdr&637214`mojewujhhms`cqqjjubs`true`2959403@rxlkfarpfnuqx#9277123@kybcajerr#3840421@hpzwpevbp#8582944@ttkxndfi#4739788@wuoplmkklfr~true
1531798,9839366::pzdmtwrydwmw,vuuebdqhaobuw,5212383~otpqryrqw~5958762~2060871~5813532`vdifniqtz`ztazervdvuauh`false`4360561@amvft#5998543@cftspqdf#9490841@rowpemkwcbluz#7051771@npakbcvzq#8755517@ntkaxm&9225264`mbzxlg`axzhjaf`true`6628948@jycfsu#4658257@xajgsisn#969516@kgyqllsveh#7070594@kqihqqhjjeqae#8054224@xrflraoxmp&5796178`tavmvzvgknoo`cbbuyyblqllj`true`5975884@ddmvwv#4448297@uzuuutusnwze#925988@fqlkxmn#6564848@haqczewdcftzz#5194160@ymvgmpq&7836670`qxevtnpoukjh`eusaa`true`7780902@tywfxlxvxur#6164194@tubyuysgv#2549320@oazitnrewkhn#7830496@btusf#649379@eywna&2297888`hohldx`mrglbrrzvlvz`true`9114588@frhhj#7226887@mqmboyigvkh#2726988@vrbtrd#2173@tsmvplsoyft#6871810@axxdgol~false_6830574~ajmcvjmcnja~7101929~5315790~2151414`dopxff`hyohz`true`4678603@svxmj#1186791@sulivzkj#6087431@gittsrjvg#4597225@zagiuynqf#2911357@gibjj&9268853`uoxhrfwlyou`kgwncd`true`2205458@kvqtzvmkedqzv#9229969@mbvdlxcijw#8343716@xmvnihy#8657043@qrqfvl#9014365@zpeussbhb&1644903`rxpbmhzfjdw`bjpfnkphmztyu`false`1302010@tqxfcu#6368884@fziizoljqusjb#589192@rnarsz#8016015@jijzkptccpw#352302@lmgnu&7426206`qyebditei`btfls`true`2833253@ftyvbcwu#3954829@fgtiljvn#4010895@goumrs#1329770@xpddq#618225@isbgaaydkqrf&6518863`onpudzdrfa`lyoceuotay`false`7558810@ikatbw#5332931@gxtletonjn#4811521@flxfrkdjok#8273969@doigzksxy#8411235@yaylrrpev~true
8164768,4319706::tifbdnd,gtjbbn,3628672~vlpohiuealu~432125~1326290~530480`ogpco`yfalhcoklrnqe`true`3137965@aaqmvzkyat#1656560@gewrrcisguor#9375373@dznlyvruhhum#5148873@vobphl#2791631@mizopbsttd&8468349`sfqhnyq`saefg`false`2905418@snhxqklaugc#3575483@ozquiwl#8106807@lmhsch#8715003@hzvpwkuh#9262325@hbtedcpzudxx&6871566`bmlhcz`rrqub`true`6461983@eupkigrnzze#8222161@zknaj#4379176@obzfepkxtalv#5419257@yzowatncwxxz#8004273@bxnjipsgqvpzy&6964738`qiiuuk`kelszpteisnj`true`1140099@bbihjadk#7502017@egjrtsuq#1921565@wninwrjqskau#7270051@bqzpkxlk#3550441@iskyj&9625142`dwgfc`bxtveihruf`false`2797134@jszhgbdbwj#1824893@uulezijk#4988369@umpei#432474@jnhnpgoaj#5777824@nagohybefv~false_9607769~bxysmxcutrbi~552784~5503647~2969972`ahvpzx`ujjfgofcdxn`false`8279534@dxdqvtimms#6316242@qmeuzq#368284@kegvdaicmzqe#5215108@ohnovold#5891035@wkowonw&957087`spqebfdlwktkf`xfndtdl`false`8764315@lxmvroo#6509588@qxoob#112393@ebxxtl#8630150@pcafqtkxahzo#8065382@tcdpd&8874166`jzspizumt`koqqqoydzrpf`false`3728281@pikoec#600045@luoftlqep#935345@wsjbwu#402967@ycfqpugztpxj#2704954@pllzdlxnptuw&209546`rigdynqa`oouhd`true`8019198@mkpyn#6903075@tkijmxv#5989023@pkzrjzqkvwzf#3706545@pomxqxblj#1168444@asxxkr&4828095`wfjdvrzsmikqh`iyxspnbxuyx`false`247654@jtluvutmy#3211052@ineolim#8732442@gviveuub#7104850@dmqzktmz#4796379@dmwbkfof~false
5707274,4266289::jkxpb,vtpeh,8698823~xzbaxcopacmz~589424~6520071~524355`hwwqcnsime`umzxkyr`false`2619842@yevcj#6298643@erufkm#8333092@qbdkveh#4498772@jzbmuyjhhxvw#5315123@wmvbxzwawrm&9547530`dzspqanong`tyiqkgqgpg`true`9134906@uppxv#7148306@shxtflgizapda#9857434@porge#6951613@bncgkcwlepa#3462478@ihbsyxvpvqq&1310555`ystbax`andpriumxtwv`false`3165182@qeqjashuycp#3256794@onkjpuyu#2003924@ziwftipfoaw#7503149@gtbjksvzrja#4110864@ljriz&6217931`plzrlthkb`lanhxwfeunmgl`false`7015191@bpepxqlu#3405367@iklssn#5816807@cvlckawv#8727976@esolhbelir#4625739@zadjwasmd&2698905`yusrpqrk`eiioojxd`false`8226493@bnbcq#1476814@zribijrqb#859623@havhnyubgagv#390774@ysfkvnjf#6076180@rvjyl~false_4826688~cmutmmgnw~6188113~781740~87975`cuocxfmbfoxl`ujgaddclexmfr`true`4460098@qhfewnxdihv#5128567@jeljwovtqisc#4821763@bzrte#9672903@eqsfj#9995021@qubwppg&3367818`mlrpzvhsbjopl`lydrnfyyll`true`7129000@tofzomlryqeq#208521@zqybt#7802029@phmndebx#6436715@bbepmlepzb#2651143@viyfyiy&4860046`ghszgylidkoq`bcuasdwbdvhy`false`6904423@cwjgmbr#4107714@brvpmwor#2898478@ybglayxvz#6380559@pfyta#4993187@xbkgtdkna&4655035`cacmy`kgshxhvqhuqd`false`5346652@uucrzlxvexhr#5570449@mluvfnmnlj#8352715@okralfklnuci#1255911@fradx#3806333@ntnnnpuolrtsc&5324744`yqdgtamt`fjrshva`true`6162755@ipjmlorjonnvp#5675278@uqnaejsptpqwz#6193636@urqfqnwyvjna#3604904@syosnhoohg#7094481@qgudzdhbdyt~true
8930492,3777017::lhdlpkhr,eccgiebyyhp,8955094~ysjlbyrufy~3626759~94650~8758261`mavdemjupewjf`etzxjtjaozde`true`68316@kouqbzjxsgexc#8630454@csxskmyai#4532884@kjutadmcnqr#6998173@mrexdd#3298771@ytnxto&6133710`cpgtftvnlq`jivolhy`false`8035650@jegjfxy#6741339@jjhkbtuiqwl#217841@plwrmkp#1815669@qjcipmoxtbm#4813231@qwsqoticiosx&8793149`wcmkdenllw`wybemac`true`4244632@ieedj#171999@yolvrnvlkpvcm#8356841@krxfgdel#4808613@pxvymanizvtn#9466291@slnojdddjytqc&7129553`pwvmj`cntlf`false`9697219@srqicoudi#7085980@zvzrddkjykm#4996123@bunsyuqa#6751635@jtcgeicbggd#2282330@psgsvizuow&5246176`fbizlh`tllbjrc`false`4930102@zzaodfio#1390705@bwmgjz#4674231@fslejitapjt#1403541@ktzyoj#7314878@arbakyb~true_3483658~tesdorhqe~7077704~1552852~734231`niphqoijs`ryvrdsojt`true`8784583@lqaulj#6301204@cecfsxudxrylv#6837129@bvfipywxdjr#2768347@lymol#2007083@qqhvlfhwu&5034064`wfupeivrov`ineezhfuaio`true`6746310@hczbhog#6572914@mskju#6250022@dcewd#3489610@wciffbhnfq#1699882@qvmnl&7269214`reiryobcb`oruvlrrf`true`8926786@ieribt#1496452@bmzumet#5508829@ddccs#9908454@zruawtzlcfa#3878838@qzptfncfdlj&2683439`cavihi`zzftghnsyw`false`9512336@bbhsrcwvrnn#9588215@djhpkljhejnvh#1950774@fgwsxstmvghcw#968921@smkxnlwxpydk#4189511@cbahe&6907402`xwsusfdibzekp`odsiyykke`false`997587@flcbyyfkfwo#1764631@duhzsvz#207198@zvdlppglh#8207508@dlrmae#9183299@mfduxktmuwy~true
2371162,8311842::bawavharr,ujhkudssdi,2695744~qtsfmygyfjby~3307302~2926493~1313907`rdpuz`rhxtwbijnwg`true`3557995@xlwclof#9868310@wfluulfibgazs#1129136@bwfwqt#9345120@jegiufwkrm#5328005@vppywywkueeh&4835616`ilcmya`uadqkmjwijjy`true`5544667@nmhap#4561953@hjhfoijlblfcy#1437798@eabmxlgtqx#8869443@vfjilzardllvd#3611612@izdhqillxl&7185466`brawucvuhe`wqopoodzicj`false`2154435@oukcrtgih#4263578@haxvybjooo#3759214@kqnwmykuj#2517579@fbpnc#9682200@rnziwoioooidm&391358`kjefq`wfdagdngzherr`true`8840840@urfoalhm#748878@pjzoebhgsmc#7134865@hhdasqymeldkm#6637996@yufzkrf#3775083@jykmrqjbsnqp&4858411`lritkdectht`vdlawwjnqwby`true`8932777@dydfavopttwbl#5448042@zwvrdon#4011396@ppfrfmjdwopby#2162255@rkoybdblkd#5299620@coxuhqeyctms~true_2662532~lanhjab~866160~5507632~9496016`urnigdl`tthhoduhkrduz`false`3330334@pyfgpgaxphq#2812544@dukaozqkkmq#2955037@svipxfkf#4661530@hfoqclinqqyx#2034252@rumsbonzzz&1251604`czauayvls`tzqihejamv`false`5900230@bkgelenan#1465341@xxtxgdqkjhm#1913714@ajrdgst#1185521@nismoghb#7123011@vrnxb&3715828`kywplzwggygnn`sbvrsvbqof`false`2710671@spenewdra#1339972@fgzoktdrcho#7510093@cqqomdgdhq#3335582@hjfkm#8408259@ngkbmzij&8857300`oxbtaamnmabwo`hphddslw`true`5387204@pklim#1011494@tmkgpasfvzrv#2328566@ejwtcvi#60241@uetwcxiq#913460@omybbviwhqlt&5765591`qsswzi`cfbuniduuh`true`4897446@gdoddnmejrdp#7528093@cloqt#6904426@krtkjmj#6307078@miusov#3142987@bsghql~false
6989441,564067::opbhaaiyxh,rclcqmwmbxl,5029899~wwfzrcfyhjdej~1262066~3217399~7929138`gkwykitkc`mmqib`true`910567@gbliqxr#5236946@chkiomxtep#3181579@ljcfigr#5006637@vlpcjb#6992523@dybejm&3659659`zhpraqenwx`sjldizhf`false`6726714@kwqrc#9392409@hucwullipx#3592800@cxevu#1672255@kvurfshwlfogj#1411820@aegmnrb&3067905`rvzwplpkj`wvkiakcbirdxa`false`9118128@jbesf#3887429@ytntzyd#5169478@wxugfhffbnegu#3442551@svcsheh#6266421@ahzqjm&8600825`hbrxq`ljfnnokgs`false`2611232@ggzescvkjap#847239@fglxufnnfmjqq#3007253@tdvyqhuxs#4403568@imnunzuf#1811501@hbiipfrosefqk&7013862`chdff`udysuhnj`false`8137251@ahzyosnddw#8381278@fukpjg#7455750@vyefkxlwuryn#2312696@jtnter#6783505@qfwgxg~false_2080792~torpvzf~5974202~3717817~4242546`bcwwrzl`rejvluow`true`4926142@igzdyrdymvgng#2599604@kqilyrz#8033208@ekhqtoasgff#8083827@pywamjvkxfb#4576212@ruwbqf&4281108`xflghviyjoj`rwubkkhnqvr`false`4700409@ofcflm#8445190@cseckqcf#8215565@mdbls#5371237@nndemdkfxze#1624076@uuudjbov&9830301`irounx`dcfdlgewmerc`false`754808@ixzvfmtmjajer#8465825@tzmycbfxz#5492493@lbgpmlz#7438758@gvmedyhj#3932539@ofomskhiw&1195811`alqiebkmat`upafzizf`false`9228853@niuyqilfn#3238409@gwublf#4488053@whsmjtzzmkjrz#5434608@ukqdunsdvpr#2168517@fisaqc&2052572`sjwrfmslb`kaxrr`true`1556733@dstezerzugje#5428455@zolrowvgznbak#720542@espekewjbnyb#598726@kkwelqtqo#5088040@prhvaz~false
6423860,9870883::avlzoiimsgcm,pswwxucteb,7441381~aseztpkisasf~3924485~1823011~7693891`mtifuzguj`ocvje`false`5132866@sdxzngrhysr#3653471@palguxfukipb#4354125@pwpxbhl#5650465@mxotumhjw#7502372@mfunwensz&7607127`duzshdnesx`hhpczkoiktf`true`2791166@wpplvzkus#2272560@ekapufooi#284211@rnzaatdfwn#3349321@rspltpoi#4305633@ullhkxjrynvzp&3856301`ewipjiabke`uslive`true`7538325@namuli#1327548@wkjdfhloq#7372874@lcmfisc#7346418@zwvdtmd#5020783@iiitpexhyfuy&9144202`yksaa`vgffdjxyj`true`4206898@xeeof#6479560@rgqrmfpmgqfkr#142794@oxklizmstk#7073437@mnxdt#7138324@hmypaiwczkm&3692181`rmwrm`myzow`false`9608548@kqojez#5145474@ribblbb#6832100@zcdjenuvyxok#7991227@tziyqdbg#6995742@frsshuwfb~false_8601124~ckgmo~359761~307275~5826617`grlkrchlovkm`ziiucgpkijbmd`true`1762250@nuifyydapsl#7454047@kssbzj#8744923@mhpjlq#5495256@utxzkhc#5864589@wusqs&4766604`dqgeei`cubfytv`false`2936968@qmuaknbzyjhxa#454874@efxia#4386166@iptqz#7574958@lgcpv#9240852@gomvuznr&3416066`ulkpjan`hoatpjhc`true`8536345@hnmngdwngq#9344152@alnxqbug#2874381@jlngvdm#1486996@tlqkaak#1107548@oxhcclgd&2310508`iwjqehoxxptle`zbjjk`true`2564164@qhaanejbbeug#6957657@wnalyoh#3748055@oqqebgtpfizbx#7225180@ssdke#7340064@xauqpk&2299687`dxoetdqa`qntiilrerw`true`452014@bwioujnu#6607620@ktplix#3723991@khiajnyvaa#76157@nbtpgvjdcv#3826966@azxbr~true
9706509,8239602::aanno,hkjxb,6127054~hqlvnqgfpj~9557289~9662612~2123516`prhwzxi`ntzcmb`true`4053396@qdudqgjs#7847751@lzzuetczsgnn#659788@espyqbyfsdyfi#4376271@tngmigccsb#2565469@rudvwklzsyo&748603`xkimksepb`nbpjmkvdpg`true`7401856@gjgnpbloxbkg#2125126@llegfhtcnc#7147446@udgltyxepykz#2564179@lpfnn#4399319@tsijpguksll&2664931`cdvofuarouxs`zchxxdxpaqeot`true`1751371@lfcsrjwtljpt#8000458@wyqdgdvcyulgn#6874539@skcqxkkp#9085341@aozjlz#5736513@ihqquldcsrnjb&87703`fsqprxjveidb`eueelzjugsvai`false`5244640@pvdjoh#4527824@rzcnswe#9244874@eilsbcuwvoyrs#8967216@bsatwhqyd#5056761@pwkunmmyrlm&1649929`nphstb`gsiuuvrskof`false`9360238@gpappyij#3811443@znyhdm#8683685@mrysmcnkrq#4519969@blpjipyjnu#6299282@fdjhluobyjn~true_6257273~nngtlilq~2145416~1515185~9699640`dgblgjnjxml`zcwnhkcmtsvv`false`6752509@cdptyocwf#9056465@vzdyvnz#1844946@fbyqvirhvh#7688071@upsqvumnbieh#1487063@fckpxjnpj&2684493`tgfsizplgu`nvctqz`true`2988723@witxpzgkgu#453257@ttqqrzugmdc#3740555@wkbiis#7764082@fqsmhg#7708311@ukcpeihhrabw&27880`yijnp`bbfchst`true`4954485@rfwzvmxjh#3345801@aqfvi#779388@vtrymojyu#4182326@shslciqrnk#8137097@ubupkrop&6180965`sxsym`aateofafje`false`2335339@llrnhxfi#2089810@zmgrqjmqvjhhp#7357359@bhvpwn#512392@ottakzp#7829759@awrqfczqboyz&2250651`jhfdljecozsb`zmfaw`false`3757118@dtrfvuxyuma#8950262@ktmbsdqnls#2573385@eiwmaizscoy#2386939@zahgglxm#3407777@angdznxe~false
7518041,3778751::qpezqxyzcik,cfmybcblszmzp,8411231~nehpknsy~5361780~1966226~7652829`ybchnejmwv`xpzgwysz`true`6400760@boqoehrz#3484959@gattk#7097008@mizynrvslmzl#3123088@exjnoibz#445975@jiqxfaywwiy&7169218`xaxpt`cbcnigeh`false`6261068@ynoqeqsogdh#9276991@aomblm#6948913@uqdgzradfazg#4984054@scweni#6128878@wvuuuq&6120931`kweqeu`vbmyl`false`122720@ggoigqognfvf#7550318@nzrysq#5298321@lcfteuic#6338404@svavkecgygkyi#1872639@wzeastfifk&8592416`ocskg`nhzvdumfsrgwj`true`9395348@nmabv#1002623@qzviwgvqkpadf#6079839@nvfferuam#7539947@qkmfhojx#1021003@kymwpke&322776`kadldebfx`fxjdnq`true`955567@mgnwkx#4689739@ixzmiexqwdya#3705870@pyagw#2246106@zdlkdahyxwgo#2282204@jkugg~true_9822642~vguhvfzwbk~8222529~4157472~5285066`cktozvxrln`pdhzjy`true`3899936@idmxysnwoarzk#9218360@ggwnd#7603359@czdwlugq#7763743@sgekxupkxz#595423@pwwavaqxjttz&2770108`vehhu`bpefuzj`true`8947493@fpaxk#5059135@jxsaavnksqz#5100388@jefekcufyi#3877762@nakaz#9816371@senqovzq&2581382`rxwvs`sybrieh`true`6236080@madozc#8331371@ifwnfppjhlfb#965353@kbdbvg#3007072@ipbhbumljmrj#1359156@izosathfn&4538545`pcvcfuuwsitkq`ognam`false`4570799@snhdjegr#1089082@qbrqsshjsd#6230615@yhynmmv#5850983@insoha#6026091@ckzdnq&5791746`xopcftvr`yhstknxsgugk`true`2585662@vnpgspe#3809140@zvczuohp#6627713@pfxxqqic#2394891@psenbmglav#8261003@cdobfwmenal~false
