CHANNELLIST,DATEEND,DATESTART,ID,NAME,STATUS
447242`yiktp`qgeyvxzvbfal`false`4674777@ifxtoybvsllm#5795656@ocfafgpahs#1433986@mmyru#3311261@hzyvnops#7280869@hhvuatds&1553523`ltqkticjd`rkivhah`true`2330931@jfqpsbt#2681221@stofv#4115820@zerzhfum#2027424@fdkmzzetcs#468588@ypirtplwv,1531205,6027466,2333013,jvurlfvzpdmi,true
5448937`oyuvu`jwfqdtyvar`false`9854386@ktskvvjmgu#6618338@fnmmby#9997856@nataillcypqmt#4636055@agbrcdmzkg#8089421@yhtbbwxrhqhp&7595806`cxpcvdeeug`ojcjtdrf`false`1876517@lpjqg#4856634@ffujze#4649960@sdlksl#298981@aoivzezavk#7604763@zqyxdlyuvqv,9064511,8906450,9306027,ynyjfvtcxo,true
8936871`qxxefugmu`igfpdqwmc`false`1248475@lttknq#2716756@fbzpsahdpd#9412901@zcqatuvvzhaz#9037406@olakhy#9963502@xpsianwbcbzfy&6324408`kjwoh`qarmdubbz`false`8671465@tvhppyekedbgb#5012587@bqwykqhgtf#9265732@bahuy#5776339@tkkhrkcuupb#2127339@rkbufvvilrbri,9324237,6714133,2412039,psovpbdjtedze,true
7102065`hgjfdktmpuw`hqzrmdbbe`true`3732670@ipbswukqto#8594454@itkfbvu#1452469@efnhzxiq#1658787@pxcdxb#8362174@qcdpzjwwlpvu&7893399`keqojo`hiluqtpcovm`false`2293108@kbytgf#1733788@hkhgba#9728882@hnobljizokwka#8408731@fvsrejcnt#9820398@fzuphjk,2575276,4684392,520349,fyrtxmflz,false
838774`yfynukjkfmxh`cdwrbhdtixn`true`5236153@bgvabkxw#9867754@xthxfbdftyxyc#3576212@leiwdbd#9705006@wyacyjmgk#5537354@sipnitmkse&2901230`nwgeiupgtu`yegxrp`true`4080839@echljfyrbgqp#6120112@wjmwgzawncjth#1798538@pfpxcebsenp#9531592@gjnoicqy#4992672@lyrbyq,1750060,2350622,7518466,bqgamzkriro,true
5730647`dtwogdfb`snteoedp`true`4648967@ytbybyray#8202690@icynrvnuxxdc#8836745@jwruqwmmjp#54180@vkxdbzwjaqfig#3084822@alyznmnp&6526001`elfvr`kgvyttwwj`true`7397143@iluavazieakcn#1293839@jamngqmjti#3836808@eqqscssdhgt#7170969@lytbchevkf#9062827@dyzxacj,6029618,1410576,6750472,qlcgcv,false
6506566`krljzqrmrylak`anmjnjz`false`9056000@ezgtovnd#3128482@bdbrj#7839149@zookoo#8422664@rrpkskisgr#7171377@chwsuqymoucgk&1034941`mtovhaf`nzfuzwthi`true`7193471@fxqbwddeonbz#1558465@jxrnezyygdy#4062770@qwtjlabeqzn#7791675@badhq#2133220@dqsryx,9036746,1583664,5332865,wcfgvilqdxo,true
924554`azqmqsrix`yalwtue`false`748061@qsxgdtefczidz#494448@upnwzpop#9865123@izkefzrnlrc#5940783@cothhb#1504794@gtliymb&6083494`htzwgsqzobx`hxyvduajx`false`2739853@hwrebfyoopd#9289264@euzkzhvsoew#365829@pzuyb#6553398@skccscgnttik#3900168@crfrcjufuiru,9460418,7343654,5580345,mjrigro,true
3737253`lveqimtdbbqhf`gbyxusk`true`7970301@xfjvrbfzhhv#8622664@lqhlqsx#7891013@wbcjvupcmtxpl#6520022@xrfah#4259126@nyyxrxmb&5971887`gsimmiy`mkcdlehczsnxb`true`4873897@npboiu#77015@amrdcbbfso#9343238@mxheofwxxxx#6981222@idvtzwyl#9779775@ldqer,8331984,9768372,1990520,uvjcb,true
8270205`xzbrrrn`pdgwgpkxe`false`4889362@ecltzgvyol#9023739@lusytxpdyvyh#8423054@ntjtlwtzg#1394461@tcioxywtsdxh#5250299@icfhg&7419613`adtjietubxmk`hextkrvbgaq`false`7151080@jvdqjguxzxmx#8642406@zleomouujcajo#9660061@lxwzx#2209774@ytktbaecbvcir#4486573@mnuerkqkzu,432989,2468,1752243,drhasbnpzooa,true
